,Old Rating,New Rating,Contest Duration,Contest Start,Problem Tags,constructive algorithms,dp,combinatorics,math,sortings,dsu,interactive,graphs,hashing,greedy,dfs and similar,bitmasks,chinese remainder theorem,fft,data structures,number theory,flows,trees,meet-in-the-middle,shortest paths,graph matchings,probabilities,brute force,two pointers,expression parsing,binary search,matrices,strings,string suffix structures,geometry,implementation,schedules,ternary search,divide and conquer,games,2-sat
0,1400,1602,7200,1267117200,"hashing, implementation; dp, math; geometry",0,1,0,1,0,0,0,0,1,0,0,0,0,0,0,0,0,0,0,0,0,0,0,0,0,0,0,0,0,1,1,0,0,0,0,0
1,1602,1764,7200,1270741500,"strings; constructive algorithms, graphs, implementation; bitmasks, dp; binary search, geometry; dp, graphs",1,1,0,0,0,0,0,1,0,0,0,1,0,0,0,0,0,0,0,0,0,0,0,0,0,1,0,1,0,1,1,0,0,0,0,0
2,1764,1878,7200,1271346300,"implementation; dp, implementation; number theory; dp; constructive algorithms",1,1,0,0,0,0,0,0,0,0,0,0,0,0,0,1,0,0,0,0,0,0,0,0,0,0,0,0,0,0,1,0,0,0,0,0
3,1878,1967,7200,1273154400,"implementation, math; geometry, implementation; dp, sortings; dp, geometry; data structures, dsu",0,1,0,1,1,1,0,0,0,0,0,0,0,0,1,0,0,0,0,0,0,0,0,0,0,0,0,0,0,1,1,0,0,0,0,0
4,1967,2063,7200,1277391600,"implementation; dp; greedy, hashing, string suffix structures; data structures; dfs and similar, divide and conquer, dsu",0,1,0,0,0,1,0,0,1,1,1,0,0,0,1,0,0,0,0,0,0,0,0,0,0,0,0,0,1,0,1,0,0,1,0,0
5,2063,2081,7200,1278687600,"brute force, greedy; constructive algorithms, graphs, math; constructive algorithms, sortings; geometry, math; dp",1,1,0,1,1,0,0,1,0,1,0,0,0,0,0,0,0,0,0,0,0,0,1,0,0,0,0,0,0,1,0,0,0,0,0,0
6,2081,2098,7200,1280149200,"graphs; implementation; geometry, implementation, math; dp, math, probabilities; binary search",0,1,0,1,0,0,0,1,0,0,0,0,0,0,0,0,0,0,0,0,0,1,0,0,0,1,0,0,0,1,1,0,0,0,0,0
7,2098,2128,7200,1284735600,"implementation; dfs and similar, dsu, graphs; combinatorics, dp, probabilities; binary search, data structures, dp, hashing; geometry, math",0,1,1,1,0,1,0,1,1,0,1,0,0,0,1,0,0,0,0,0,0,1,0,0,0,1,0,0,0,1,1,0,0,0,0,0
8,2128,2203,7200,1286463600,"greedy, implementation; shortest paths; greedy; geometry, graphs, shortest paths, sortings; ",0,0,0,0,1,0,0,1,0,1,0,0,0,0,0,0,0,0,0,1,0,0,0,0,0,0,0,0,0,1,1,0,0,0,0,0
9,2203,2256,7200,1288018800,"sortings; greedy, implementation; data structures, greedy, trees; combinatorics, dp, math; graphs, greedy, shortest paths",0,1,1,1,1,0,0,1,0,1,0,0,0,0,1,0,0,1,0,1,0,0,0,0,0,0,0,0,0,0,1,0,0,0,0,0
10,2256,2270,14400,1288440000,"implementation; brute force, implementation, math; brute force; implementation; dp, sortings; dp, games, strings; data structures; dp",0,1,0,1,1,0,0,0,0,0,0,0,0,0,1,0,0,0,0,0,0,0,1,0,0,0,0,1,0,0,1,0,0,0,1,0
11,2270,2311,7200,1288972800,"constructive algorithms, geometry, implementation, math; math; implementation, math; math; combinatorics",1,0,1,1,0,0,0,0,0,0,0,0,0,0,0,0,0,0,0,0,0,0,0,0,0,0,0,0,0,1,1,0,0,0,0,0
12,2311,2341,7200,1290096000,"greedy, implementation; implementation; brute force, constructive algorithms; constructive algorithms, math; dfs and similar, graphs, trees",1,0,0,1,0,0,0,1,0,1,1,0,0,0,0,0,0,1,0,0,0,0,1,0,0,0,0,0,0,0,1,0,0,0,0,0
13,2341,2351,10800,1291536000,"brute force, implementation; implementation; two pointers; data structures, implementation; data structures, dp; dsu, graphs; geometry",0,1,0,0,0,1,0,1,0,0,0,0,0,0,1,0,0,0,0,0,0,0,1,1,0,0,0,0,0,1,1,0,0,0,0,0
14,2351,2388,9000,1293552000,"implementation; expression parsing; binary search, greedy; implementation; combinatorics, graphs, matrices; dfs and similar, dp, graphs, trees",0,1,1,0,0,0,0,1,0,1,1,0,0,0,0,0,0,1,0,0,0,0,0,0,1,1,1,0,0,0,1,0,0,0,0,0
15,2388,2419,7200,1295971200,"dfs and similar, greedy, implementation; implementation; combinatorics, math; dp, math; math, shortest paths",0,1,1,1,0,0,0,0,0,1,1,0,0,0,0,0,0,0,0,1,0,0,0,0,0,0,0,0,0,0,1,0,0,0,0,0
16,2419,2438,7200,1298131200,"implementation, two pointers; dfs and similar, dsu; brute force, dfs and similar; brute force, dsu, math; math, matrices",0,0,0,1,0,1,0,0,0,0,1,0,0,0,0,0,0,0,0,0,0,0,1,1,0,0,1,0,0,0,1,0,0,0,0,0
17,2438,2455,7200,1298649600,"greedy, math; binary search, implementation; geometry, implementation, sortings; dfs and similar, graphs; dp, flows",0,1,0,1,1,0,0,1,0,1,1,0,0,0,0,0,1,0,0,0,0,0,0,0,0,1,0,0,0,1,1,0,0,0,0,0
18,2455,2491,10800,1300033800,"dp, graphs, greedy, implementation; greedy; dp; binary search, data structures, dp; geometry",0,1,0,0,0,0,0,1,0,1,0,0,0,0,1,0,0,0,0,0,0,0,0,0,0,1,0,0,0,1,1,0,0,0,0,0
19,2491,2494,9000,1302422400,"greedy, math; binary search, greedy, sortings; dp; dfs and similar, graphs, greedy; math, number theory; brute force, geometry",0,1,0,1,1,0,0,1,0,1,1,0,0,0,0,1,0,0,0,0,0,0,1,0,0,1,0,0,0,1,0,0,0,0,0,0
20,2494,2517,7200,1302879600,"implementation; dp, games, greedy; dfs and similar, dsu, graphs, number theory; data structures; constructive algorithms",1,1,0,0,0,1,0,1,0,1,1,0,0,0,1,1,0,0,0,0,0,0,0,0,0,0,0,0,0,0,1,0,0,0,1,0
21,2517,2501,7200,1303226100,"brute force, implementation; math, probabilities; dfs and similar, dp, dsu, greedy, trees; dp, implementation; geometry",0,1,0,1,0,1,0,0,0,1,1,0,0,0,0,0,0,1,0,0,0,1,1,0,0,0,0,0,0,1,1,0,0,0,0,0
22,2501,2514,7200,1304694000,"implementation, math; constructive algorithms, hashing, implementation; data structures, dfs and similar, sortings; dp; geometry",1,1,0,1,1,0,0,0,1,0,1,0,0,0,1,0,0,0,0,0,0,0,0,0,0,0,0,0,0,1,1,0,0,0,0,0
23,2514,2547,7200,1305299400,"math; binary search, math, sortings; graphs, greedy, shortest paths; dp, math, number theory; bitmasks, dp",0,1,0,1,1,0,0,1,0,1,0,1,0,0,0,1,0,0,0,1,0,0,0,0,0,1,0,0,0,0,0,0,0,0,0,0
24,2547,2586,7200,1305903600,"constructive algorithms, implementation; data structures, greedy; binary search, dfs and similar, probabilities, sortings, trees; binary search, brute force, data structures, implementation; binary search, dsu, geometry, graphs, sortings",1,0,0,0,1,1,0,1,0,1,1,0,0,0,1,0,0,1,0,0,0,1,1,0,0,1,0,0,0,1,1,0,0,0,0,0
25,2586,2624,7200,1306077000,"math; constructive algorithms, graph matchings, greedy, math; dp, string suffix structures, trees; data structures, implementation, math, two pointers; brute force, math, matrices",1,1,0,1,0,0,0,0,0,1,0,0,0,0,1,0,0,1,0,0,1,0,1,1,0,0,1,0,1,0,1,0,0,0,0,0
26,2624,2632,7200,1307458800,"implementation, math; implementation, strings; dp, games, math; dfs and similar, dp, dsu, graphs, implementation, sortings, trees; geometry",0,1,0,1,1,1,0,1,0,0,1,0,0,0,0,0,0,1,0,0,0,0,0,0,0,0,0,1,0,1,1,0,0,0,1,0
27,2632,2646,7200,1308236400,"greedy; dp, expression parsing, graphs, implementation; brute force, data structures, implementation; geometry; greedy",0,1,0,0,0,0,0,1,0,1,0,0,0,0,1,0,0,0,0,0,0,0,1,0,1,0,0,0,0,1,1,0,0,0,0,0
28,2646,2610,7200,1310731200,"brute force, implementation; constructive algorithms, divide and conquer; binary search, graphs, math, shortest paths; bitmasks, brute force, implementation; dfs and similar, dsu, graphs, trees",1,0,0,1,0,1,0,1,0,0,1,1,0,0,0,0,0,1,0,1,0,0,1,0,0,1,0,0,0,0,1,0,0,1,0,0
29,2610,2609,7200,1312390800,"greedy; binary search, data structures, dp; implementation, math; dp, greedy, probabilities, sortings, trees; divide and conquer, dp",0,1,0,1,1,0,0,0,0,1,0,0,0,0,1,0,0,1,0,0,0,1,0,0,0,1,0,0,0,0,1,0,0,1,0,0
30,2609,2604,7200,1313247600,"implementation; brute force, probabilities; brute force, implementation, sortings; brute force, dsu, implementation; brute force",0,0,0,0,1,1,0,0,0,0,0,0,0,0,0,0,0,0,0,0,0,1,1,0,0,0,0,0,0,0,1,0,0,0,0,0
31,2604,2613,7200,1314111600,"dfs and similar, graphs; combinatorics, dp, math, probabilities; bitmasks, dp; dp, graphs, matrices; geometry, probabilities",0,1,1,1,0,0,0,1,0,0,1,1,0,0,0,0,0,0,0,0,0,1,0,0,0,0,1,0,0,1,0,0,0,0,0,0
32,2613,2601,7200,1314633600,"brute force, implementation; brute force, probabilities; dp, dsu, trees; constructive algorithms, sortings; brute force, math",1,1,0,1,1,1,0,0,0,0,0,0,0,0,0,0,0,1,0,0,0,1,1,0,0,0,0,0,0,0,1,0,0,0,0,0
33,2601,2549,7200,1315051200,"greedy; binary search, data structures, number theory; bitmasks, dp, dsu; combinatorics, dp; ",0,1,1,0,0,1,0,0,0,1,0,1,0,0,1,1,0,0,0,0,0,0,0,0,0,1,0,0,0,0,0,0,0,0,0,0
34,2549,2560,7200,1315494000,"implementation, strings; brute force, data structures, hashing, strings; brute force, math, number theory; math, matrices, probabilities; combinatorics, implementation, math",0,0,1,1,0,0,0,0,1,0,0,0,0,0,1,1,0,0,0,0,0,1,1,0,0,0,1,1,0,0,1,0,0,0,0,0
35,2560,2595,7200,1316098800,"dfs and similar, graphs, trees; greedy, sortings; math; dp, expression parsing; data structures, dp",0,1,0,1,1,0,0,1,0,1,1,0,0,0,1,0,0,1,0,0,0,0,0,0,1,0,0,0,0,0,0,0,0,0,0,0
36,2595,2612,7200,1316790000,"implementation, math; brute force, number theory; dfs and similar, graphs; divide and conquer, math; data structures, divide and conquer, implementation, trees",0,0,0,1,0,0,0,1,0,0,1,0,0,0,1,1,0,1,0,0,0,0,1,0,0,0,0,0,0,0,1,0,0,1,0,0
37,2612,2635,18000,1318919400,"brute force, implementation, math; implementation; implementation, math; brute force; games, math; dp, greedy, trees; implementation; graph matchings; greedy; divide and conquer, geometry, sortings",0,1,0,1,1,0,0,0,0,1,0,0,0,0,0,0,0,1,0,0,1,0,1,0,0,0,0,0,0,1,1,0,0,1,1,0
38,2635,2661,7200,1319727600,"implementation; strings; brute force, combinatorics, number theory; binary search, implementation, two pointers; data structures",0,0,1,0,0,0,0,0,0,0,0,0,0,0,1,1,0,0,0,0,0,0,1,1,0,1,0,1,0,0,1,0,0,0,0,0
39,2661,2683,7200,1320333000,"implementation, number theory, strings; math; combinatorics, dp, greedy; string suffix structures; dfs and similar, dp, probabilities, trees",0,1,1,1,0,0,0,0,0,1,1,0,0,0,0,1,0,1,0,0,0,1,0,0,0,0,0,1,1,0,1,0,0,0,0,0
40,2683,2693,7200,1320858000,"binary search, brute force, math; binary search, dp, hashing, string suffix structures, strings; constructive algorithms, greedy; dp, math; brute force, flows",1,1,0,1,0,0,0,0,1,1,0,0,0,0,0,0,1,0,0,0,0,0,1,0,0,1,0,1,1,0,0,0,0,0,0,0
41,2693,2670,7200,1321337400,"dfs and similar; brute force, constructive algorithms, hashing, implementation, string suffix structures, strings; combinatorics, dp; constructive algorithms, implementation; geometry, math",1,1,1,1,0,0,0,0,1,0,1,0,0,0,0,0,0,0,0,0,0,0,1,0,0,0,0,1,1,1,1,0,0,0,0,0
42,2670,2704,7200,1325689200,"geometry, math; brute force, greedy, implementation; binary search, data structures, greedy; greedy, sortings; combinatorics, dp; geometry, sortings",0,1,1,1,1,0,0,0,0,1,0,0,0,0,1,0,0,0,0,0,0,0,1,0,0,1,0,0,0,1,1,0,0,0,0,0
43,2704,2762,7200,1326380700,"brute force, math; constructive algorithms, greedy, implementation; brute force, dp; games; geometry",1,1,0,1,0,0,0,0,0,1,0,0,0,0,0,0,0,0,0,0,0,0,1,0,0,0,0,0,0,1,1,0,0,0,1,0
44,2762,2809,7200,1327215600,"greedy, implementation; constructive algorithms; combinatorics, dp, math; combinatorics, data structures, implementation; data structures",1,1,1,1,0,0,0,0,0,1,0,0,0,0,1,0,0,0,0,0,0,0,0,0,0,0,0,0,0,0,1,0,0,0,0,0
45,2809,2783,7200,1329490800,"games, math, number theory; combinatorics, dfs and similar, graphs, math; data structures, math, probabilities; dp, strings; binary search, data structures, divide and conquer, trees",0,1,1,1,0,0,0,1,0,0,1,0,0,0,1,1,0,1,0,0,0,1,0,0,0,1,0,1,0,0,0,0,0,1,1,0
46,2783,2831,7200,1330095600,"greedy; math, number theory; graphs, hashing, sortings; games, math; geometry",0,0,0,1,1,0,0,1,1,1,0,0,0,0,0,1,0,0,0,0,0,0,0,0,0,0,0,0,0,1,0,0,0,0,1,0
47,2831,2877,7200,1330536600,"brute force; constructive algorithms, data structures, implementation; combinatorics, dp; combinatorics, graphs; brute force, dp",1,1,1,0,0,0,0,1,0,0,0,0,0,0,1,0,0,0,0,0,0,0,1,0,0,0,0,0,0,0,1,0,0,0,0,0
48,2877,2883,7200,1331478300,"binary search, brute force, greedy, two pointers; constructive algorithms, greedy, sortings; divide and conquer; dfs and similar, dp, trees; brute force, dp",1,1,0,0,1,0,0,0,0,1,1,0,0,0,0,0,0,1,0,0,0,0,1,1,0,1,0,0,0,0,0,0,0,1,0,0
49,2883,2907,7200,1332687900,"dp; binary search; sortings, two pointers; brute force; data structures, dfs and similar, dp, strings, trees",0,1,0,0,1,0,0,0,0,0,1,0,0,0,1,0,0,1,0,0,0,0,1,1,0,1,0,1,0,0,0,0,0,0,0,0
50,2907,2906,7200,1332860400,"implementation, math; dp, math, probabilities; games, math; data structures, divide and conquer, graph matchings, graphs, greedy; dfs and similar, graphs, math, matrices",0,1,0,1,0,0,0,1,0,1,1,0,0,0,1,0,0,0,0,0,1,1,0,0,0,0,1,0,0,0,1,0,0,1,1,0
51,2906,2919,7200,1333724400,"implementation, math; dfs and similar, shortest paths; brute force, dp; constructive algorithms, graphs, greedy, implementation; data structures, sortings",1,1,0,1,1,0,0,1,0,1,1,0,0,0,1,0,0,0,0,1,0,0,1,0,0,0,0,0,0,0,1,0,0,0,0,0
52,2919,2877,7200,1333897500,"dfs and similar, graphs; two pointers; flows, graphs; binary search, brute force; ",0,0,0,0,0,0,0,1,0,0,1,0,0,0,0,0,1,0,0,0,0,0,1,1,0,1,0,0,0,0,0,0,0,0,0,0
53,2877,2887,10800,1334390400,"brute force, implementation; implementation; greedy, implementation, sortings, two pointers; brute force, dp, math, probabilities; brute force, dp, geometry, greedy; data structures, graphs, implementation, shortest paths",0,1,0,1,1,0,0,1,0,1,0,0,0,0,1,0,0,0,0,1,0,1,1,1,0,0,0,0,0,1,1,0,0,0,0,0
54,2887,2902,7200,1338737400,"constructive algorithms, graphs, trees; brute force; constructive algorithms, greedy, math, matrices; data structures; brute force, math, matrices",1,0,0,1,0,0,0,1,0,1,0,0,0,0,1,0,0,1,0,0,0,0,1,0,0,0,1,0,0,0,0,0,0,0,0,0
55,2902,2938,7200,1339506000,"greedy, strings; dfs and similar, graphs; constructive algorithms, divide and conquer, geometry, sortings, trees; data structures, greedy, hashing, strings; dsu, graphs, shortest paths",1,0,0,0,1,1,0,1,1,1,1,0,0,0,1,0,0,1,0,1,0,0,0,0,0,0,0,1,0,1,0,0,0,1,0,0
56,2938,2964,7200,1340379000,"implementation, math; shortest paths; binary search, geometry; constructive algorithms; binary search, data structures, sortings",1,0,0,1,1,0,0,0,0,0,0,0,0,0,1,0,0,0,0,1,0,0,0,0,0,1,0,0,0,1,1,0,0,0,0,0
57,2964,3022,7200,1342020600,"binary search, combinatorics, dp; binary search, data structures; math, probabilities; dp; data structures, implementation, string suffix structures, two pointers",0,1,1,1,0,0,0,0,0,0,0,0,0,0,1,0,0,0,0,0,0,1,0,1,0,1,0,0,1,0,1,0,0,0,0,0
58,3022,3010,9000,1342335600,; ; combinatorics; ; ,0,0,1,0,0,0,0,0,0,0,0,0,0,0,0,0,0,0,0,0,0,0,0,0,0,0,0,0,0,0,0,0,0,0,0,0
59,3010,2998,7200,1343662200,"dfs and similar, greedy; combinatorics, dp; dp; constructive algorithms, geometry; data structures, hashing, strings",1,1,1,0,0,0,0,0,1,1,1,0,0,0,1,0,0,0,0,0,0,0,0,0,0,0,0,1,0,1,0,0,0,0,0,0
60,2998,2973,7200,1345273500,"brute force, dfs and similar, dsu, graphs; brute force, math; divide and conquer, dp, expression parsing; bitmasks, brute force, combinatorics, dfs and similar, math; data structures, dsu, trees",0,1,1,1,0,1,0,1,0,0,1,1,0,0,1,0,0,1,0,0,0,0,1,0,1,0,0,0,0,0,0,0,0,1,0,0
61,2973,2991,7200,1347809400,"data structures, expression parsing, implementation; data structures, dp, strings; combinatorics, math, number theory; geometry, graphs; flows, geometry, graphs",0,1,1,1,0,0,0,1,0,0,0,0,0,0,1,1,1,0,0,0,0,0,0,0,1,0,0,1,0,1,1,0,0,0,0,0
62,2991,3042,7200,1349969400,"binary search, constructive algorithms, graphs, greedy; bitmasks, combinatorics, dp, math; constructive algorithms, divide and conquer, dp, graphs, shortest paths; binary search, data structures, string suffix structures; bitmasks, divide and conquer, dp",1,1,1,1,0,0,0,1,0,1,0,1,0,0,1,0,0,0,0,1,0,0,0,0,0,1,0,0,1,0,0,0,0,1,0,0
63,3042,3022,7200,1350370800,"implementation; dp; constructive algorithms, implementation; constructive algorithms, greedy; dfs and similar, graphs, greedy; data structures",1,1,0,0,0,0,0,1,0,1,1,0,0,0,1,0,0,0,0,0,0,0,0,0,0,0,0,0,0,0,1,0,0,0,0,0
64,3022,2977,7200,1350803400,"number theory; dp, math, probabilities; data structures, string suffix structures, strings; graphs; combinatorics, dp, implementation, math, number theory",0,1,1,1,0,0,0,1,0,0,0,0,0,0,1,1,0,0,0,0,0,1,0,0,0,0,0,1,1,0,1,0,0,0,0,0
65,2977,3034,10800,1351783800,"greedy; binary search, bitmasks, data structures, math; geometry, implementation; ; graphs, shortest paths; brute force, implementation; constructive algorithms",1,0,0,1,0,0,0,1,0,1,0,1,0,0,1,0,0,0,0,1,0,0,1,0,0,1,0,0,0,1,1,0,0,0,0,0
66,3034,3082,7200,1352044800,"constructive algorithms, math; constructive algorithms; dfs and similar, dp, greedy, trees; data structures, implementation; dp, graphs, shortest paths",1,1,0,1,0,0,0,1,0,1,1,0,0,0,1,0,0,1,0,1,0,0,0,0,0,0,0,0,0,0,1,0,0,0,0,0
67,3082,3016,7800,1353079800,"bitmasks; graphs, sortings; dfs and similar, implementation; data structures, dp, geometry, two pointers; data structures",0,1,0,0,1,0,0,1,0,0,1,1,0,0,1,0,0,0,0,0,0,0,0,1,0,0,0,0,0,1,1,0,0,0,0,0
68,3016,3030,7200,1354807800,"binary search, combinatorics, two pointers; implementation, math; dp, greedy, number theory; bitmasks, math; dfs and similar, dp, implementation, trees",0,1,1,1,0,0,0,0,0,1,1,1,0,0,0,1,0,1,0,0,0,0,0,1,0,1,0,0,0,0,1,0,0,0,0,0
69,3030,3026,7200,1359732600,"greedy, math; dp; constructive algorithms, flows, graphs, greedy; data structures, dp, graphs, sortings; geometry, math, strings",1,1,0,1,1,0,0,1,0,1,0,0,0,0,1,0,1,0,0,0,0,0,0,0,0,0,0,1,0,1,0,0,0,0,0,0
70,3026,3039,7200,1360769400,"; combinatorics; graphs, greedy; dp; dp, games",0,1,1,0,0,0,0,1,0,1,0,0,0,0,0,0,0,0,0,0,0,0,0,0,0,0,0,0,0,0,0,0,0,0,1,0
71,3039,2990,7200,1362929400,"geometry; data structures, implementation, two pointers; implementation, math, probabilities, trees; data structures, flows, graphs, implementation; brute force, data structures, dp, implementation, math",0,1,0,1,0,0,0,1,0,0,0,0,0,0,1,0,1,1,0,0,0,1,1,1,0,0,0,0,0,1,1,0,0,0,0,0
72,2990,3051,7200,1366040100,"implementation; graphs, implementation; brute force; data structures, dfs and similar, dp, dsu; data structures",0,1,0,0,0,1,0,1,0,0,1,0,0,0,1,0,0,0,0,0,0,0,1,0,0,0,0,0,0,0,1,0,0,0,0,0
73,3051,3103,7200,1366385400,"constructive algorithms; constructive algorithms, greedy; constructive algorithms; constructive algorithms; data structures",1,0,0,0,0,0,0,0,0,1,0,0,0,0,1,0,0,0,0,0,0,0,0,0,0,0,0,0,0,0,0,0,0,0,0,0
74,3103,3157,7800,1366644900,"games, greedy; brute force, combinatorics; brute force, math, number theory; geometry, math, probabilities, two pointers; data structures, divide and conquer, trees",0,0,1,1,0,0,0,0,0,1,0,0,0,0,1,1,0,1,0,0,0,1,1,1,0,0,0,0,0,1,0,0,0,1,1,0
75,3157,3188,9000,1368784800,; ; ; ; ,0,0,0,0,0,0,0,0,0,0,0,0,0,0,0,0,0,0,0,0,0,0,0,0,0,0,0,0,0,0,0,0,0,0,0,0
76,3188,3195,14400,1371042000,"greedy; math; brute force, dfs and similar; dfs and similar, dp; flows; flows, graph matchings; brute force, dp; dp; dp, math; brute force, data structures; data structures, math; data structures, math; dfs and similar, implementation; ; constructive algorithms, dfs and similar, implementation; hashing, strings; string suffix structures; string suffix structures",1,1,0,1,0,0,0,0,1,1,1,0,0,0,1,0,1,0,0,0,1,0,1,0,0,0,0,1,1,0,1,0,0,0,0,0
77,3195,3088,7200,1371223800,"brute force; brute force, implementation; constructive algorithms, dfs and similar, graphs, trees; dp, games; constructive algorithms, shortest paths",1,1,0,0,0,0,0,1,0,0,1,0,0,0,0,0,0,1,0,1,0,0,1,0,0,0,0,0,0,0,1,0,0,0,1,0
78,3088,3136,8100,1374075000,"brute force, implementation; data structures, sortings; implementation; data structures; dp; dp; dp; dfs and similar, implementation; graphs; data structures, implementation, trees; constructive algorithms, graphs, implementation; constructive algorithms, dp",1,1,0,0,1,0,0,1,0,0,1,0,0,0,1,0,0,1,0,0,0,0,1,0,0,0,0,0,0,0,1,0,0,0,0,0
79,3136,3072,7200,1374327000,"constructive algorithms, greedy; dfs and similar, shortest paths; constructive algorithms; constructive algorithms; math",1,0,0,1,0,0,0,0,0,1,1,0,0,0,0,0,0,0,0,1,0,0,0,0,0,0,0,0,0,0,0,0,0,0,0,0
80,3072,3121,10800,1375549200,"binary search, constructive algorithms, greedy; constructive algorithms, dp; games; brute force, dp; dp, math, probabilities; dp, greedy",1,1,0,1,0,0,0,0,0,1,0,0,0,0,0,0,0,0,0,0,0,1,1,0,0,1,0,0,0,0,0,0,0,0,1,0
81,3121,3165,7200,1376668800,"greedy, math, number theory; dfs and similar, dp, trees; brute force, dp, number theory; chinese remainder theorem, math, number theory; data structures",0,1,0,1,0,0,0,0,0,1,1,0,1,0,1,1,0,1,0,0,0,0,1,0,0,0,0,0,0,0,0,0,0,0,0,0
82,3165,3210,7800,1379172600,"math, number theory; data structures, greedy, implementation; binary search, greedy, two pointers; data structures, dfs and similar, graphs, trees; brute force, dfs and similar, divide and conquer, flows, graphs, greedy, trees",0,0,0,1,0,0,0,1,0,1,1,0,0,0,1,1,1,1,0,0,0,0,1,1,0,1,0,0,0,0,1,0,0,1,0,0
83,3210,3250,7200,1381838400,"data structures, dsu; implementation, math; combinatorics, constructive algorithms, greedy, implementation; bitmasks, constructive algorithms, dp, greedy; dp, hashing, implementation, string suffix structures, strings",1,1,1,1,0,1,0,0,1,1,0,1,0,0,1,0,0,0,0,0,0,0,0,0,0,0,0,1,1,0,1,0,0,0,0,0
84,3250,3205,7200,1385479800,"data structures, implementation; binary search, data structures; graphs, greedy, sortings; bitmasks, dfs and similar; combinatorics, dp",0,1,1,0,1,0,0,1,0,1,1,1,0,0,1,0,0,0,0,0,0,0,0,0,0,1,0,0,0,0,1,0,0,0,0,0
85,3205,3209,7200,1386943200,"binary search, greedy, sortings, two pointers; brute force, divide and conquer, dp; data structures, dp, math; binary search, data structures, dfs and similar, trees, two pointers; combinatorics, geometry",0,1,1,1,1,0,0,0,0,1,1,0,0,0,1,0,0,1,0,0,0,0,1,1,0,1,0,0,0,1,0,0,0,1,0,0
86,3209,3209,7200,1388331000,"dfs and similar; binary search, data structures, greedy, sortings; bitmasks, dp, games; data structures; dp, geometry",0,1,0,0,1,0,0,0,0,1,1,1,0,0,1,0,0,0,0,0,0,0,0,0,0,1,0,0,0,1,0,0,0,0,1,0
87,3209,3093,7200,1388417400,"implementation; constructive algorithms, implementation; greedy, sortings; bitmasks, brute force, dp; geometry, schedules, sortings; data structures, divide and conquer, trees; dp",1,1,0,0,1,0,0,0,0,1,0,1,0,0,1,0,0,1,0,0,0,0,1,0,0,0,0,0,0,1,1,1,0,1,0,0
88,3093,3141,7500,1391442000,"greedy, sortings; bitmasks, constructive algorithms, graphs, implementation, math; games, greedy, sortings; math; geometry",1,0,0,1,1,0,0,1,0,1,0,1,0,0,0,0,0,0,0,0,0,0,0,0,0,0,0,0,0,1,1,0,0,0,1,0
89,3141,3186,7200,1396162800,"brute force, geometry, implementation, math; dp, implementation; brute force, combinatorics, implementation, math; dp, hashing; data structures",0,1,1,1,0,0,0,0,1,0,0,0,0,0,1,0,0,0,0,0,0,0,1,0,0,0,0,0,0,1,1,0,0,0,0,0
90,3186,3228,7200,1397749200,"constructive algorithms, graphs, implementation; bitmasks, dp, sortings; constructive algorithms, dp, math; data structures, graphs, trees; data structures",1,1,0,1,1,0,0,1,0,0,0,1,0,0,1,0,0,1,0,0,0,0,0,0,0,0,0,0,0,0,1,0,0,0,0,0
91,3228,3206,9000,1402673400,"greedy; implementation, math; dsu, graphs, greedy, trees; dp; data structures, greedy; brute force, data structures, dp",0,1,0,1,0,1,0,1,0,1,0,0,0,0,1,0,0,1,0,0,0,0,1,0,0,0,0,0,0,0,1,0,0,0,0,0
92,3206,3245,7200,1403191800,"bitmasks, brute force, implementation; greedy, math, probabilities; data structures, greedy; data structures, trees; geometry",0,0,0,1,0,0,0,0,0,1,0,1,0,0,1,0,0,1,0,0,0,1,1,0,0,0,0,0,0,1,1,0,0,0,0,0
93,3245,3173,9000,1406480400,"brute force, implementation, strings; brute force, constructive algorithms, geometry, trees; combinatorics, math, probabilities; greedy, implementation; data structures, dsu, string suffix structures, strings; data structures, divide and conquer, hashing",1,0,1,1,0,1,0,0,1,1,0,0,0,0,1,0,0,1,0,0,0,1,1,0,0,0,0,1,1,1,1,0,0,1,0,0
94,3173,3213,7200,1407511800,"dp; dfs and similar, dp, games, implementation, strings, trees; dfs and similar, dp, dsu, ternary search, trees; data structures; data structures",0,1,0,0,0,1,0,0,0,0,1,0,0,0,1,0,0,1,0,0,0,0,0,0,0,0,0,1,0,0,1,0,1,0,1,0
95,3213,3260,10800,1407690000,"math; greedy; data structures, ternary search; combinatorics, probabilities; ; ",0,0,1,1,0,0,0,0,0,1,0,0,0,0,1,0,0,0,0,0,0,1,0,0,0,0,0,0,0,0,0,0,1,0,0,0
96,3260,3299,7200,1410103800,"greedy, strings; brute force, geometry; dp; dp, probabilities; data structures, graphs, shortest paths",0,1,0,0,0,0,0,1,0,1,0,0,0,0,1,0,0,0,0,1,0,1,1,0,0,0,0,1,0,1,0,0,0,0,0,0
97,3299,3164,9000,1411918500,"math, number theory; ; greedy; dfs and similar, dsu, shortest paths, trees; constructive algorithms, implementation; constructive algorithms, math, matrices; bitmasks, data structures, fft",1,0,0,1,0,1,0,0,0,1,1,1,0,1,1,1,0,1,0,1,0,0,0,0,0,0,1,0,0,0,1,0,0,0,0,0
98,3164,3203,7800,1414170000,"constructive algorithms, greedy; constructive algorithms, data structures, trees; bitmasks, dp, probabilities; combinatorics, dp, trees; data structures, trees",1,1,1,0,0,0,0,0,0,1,0,1,0,0,1,0,0,1,0,0,0,1,0,0,0,0,0,0,0,0,0,0,0,0,0,0
99,3203,3240,7200,1418488200,"greedy; dp, strings; dp, probabilities; data structures, dfs and similar, dp, trees; data structures, games",0,1,0,0,0,0,0,0,0,1,1,0,0,0,1,0,0,1,0,0,0,1,0,0,0,0,0,1,0,0,0,0,0,0,1,0
100,3240,3254,9000,1419951600,"dfs and similar, graphs, implementation; dfs and similar, dsu, graphs, greedy, math, sortings; constructive algorithms, greedy, implementation, math; combinatorics, dfs and similar, graphs, trees; data structures, dp, dsu; divide and conquer, dp; number theory, trees",1,1,1,1,1,1,0,1,0,1,1,0,0,0,1,1,0,1,0,0,0,0,0,0,0,0,0,0,0,0,1,0,0,1,0,0
101,3254,3201,7500,1422894600,"dfs and similar, graphs, greedy, sortings; data structures, dp, math, number theory, shortest paths; flows, graph matchings; dp, trees; constructive algorithms, divide and conquer",1,1,0,1,1,0,0,1,0,1,1,0,0,0,1,1,1,1,0,1,1,0,0,0,0,0,0,0,0,0,0,0,0,1,0,0
102,3201,3239,11700,1423328400,"constructive algorithms, math; brute force; bitmasks, divide and conquer, math; bitmasks, probabilities; dfs and similar; constructive algorithms, data structures; dp; dp; flows; flows; brute force, dfs and similar, dp, meet-in-the-middle; dp, probabilities; dp",1,1,0,1,0,0,0,0,0,0,1,1,0,0,1,0,1,0,1,0,0,1,1,0,0,0,0,0,0,0,0,0,0,1,0,0
103,3239,3223,7200,1426946400,"implementation; dp, greedy; binary search, sortings; greedy, two pointers; data structures, sortings; data structures, greedy, hashing, string suffix structures, strings",0,1,0,0,1,0,0,0,1,1,0,0,0,0,1,0,0,0,0,0,0,0,0,1,0,1,0,1,1,0,1,0,0,0,0,0
104,3223,3274,9000,1428165300,"brute force, implementation; dfs and similar, greedy, implementation; brute force, greedy, math; hashing, string suffix structures, strings; dp, implementation; data structures, divide and conquer; greedy, trees",0,1,0,1,0,0,0,0,1,1,1,0,0,0,1,0,0,1,0,0,0,0,1,0,0,0,0,1,1,0,1,0,0,1,0,0
105,3274,3341,9000,1429286400,; ; ; ; ; ,0,0,0,0,0,0,0,0,0,0,0,0,0,0,0,0,0,0,0,0,0,0,0,0,0,0,0,0,0,0,0,0,0,0,0,0
106,3341,3407,9000,1430668800,; ; ; ; ; ,0,0,0,0,0,0,0,0,0,0,0,0,0,0,0,0,0,0,0,0,0,0,0,0,0,0,0,0,0,0,0,0,0,0,0,0
107,3407,3445,9000,1433595600,"implementation, strings; constructive algorithms, dfs and similar, graphs, greedy; games; greedy, implementation; geometry, math; data structures, divide and conquer; constructive algorithms, greedy, sortings; binary search, math",1,0,0,1,1,0,0,1,0,1,1,0,0,0,1,0,0,0,0,0,0,0,0,0,0,1,0,1,0,1,1,0,0,1,1,0
108,3445,3503,10800,1437898500,; ; ; ; ; ; ,0,0,0,0,0,0,0,0,0,0,0,0,0,0,0,0,0,0,0,0,0,0,0,0,0,0,0,0,0,0,0,0,0,0,0,0
109,3503,3374,7800,1440865800,"implementation, math, number theory; binary search, data structures, dp, math; constructive algorithms, dfs and similar, trees; data structures, divide and conquer, dp; data structures, greedy",1,1,0,1,0,0,0,0,0,1,1,0,0,0,1,1,0,1,0,0,0,0,0,0,0,1,0,0,0,0,1,0,0,1,0,0
110,3374,3374,7200,1450888500,"binary search, dp; dp; hashing, strings; data structures, trees; binary search, geometry",0,1,0,0,0,0,0,0,1,0,0,0,0,0,1,0,0,1,0,0,0,0,0,0,0,1,0,1,0,1,0,0,0,0,0,0
111,3374,3444,10800,1451487900,"implementation; bitmasks, brute force, implementation; dp, implementation; dp, hashing, strings; data structures, greedy, sortings; binary search, implementation; geometry, two pointers; constructive algorithms, flows, graphs",1,1,0,0,1,0,0,1,1,1,0,1,0,0,1,0,1,0,0,0,0,0,1,1,0,1,0,1,0,1,1,0,0,0,0,0
112,3444,3373,9000,1455384900,"brute force, implementation; constructive algorithms, dp, math; brute force, greedy, math, number theory; brute force, combinatorics, dp, probabilities; binary search, math, ternary search; dp; data structures, dp, greedy, math",1,1,1,1,0,0,0,0,0,1,0,0,0,0,1,1,0,0,0,0,0,1,1,0,0,1,0,0,0,0,1,0,1,0,0,0
113,3373,3444,9000,1456506900,"brute force, math, number theory; brute force, constructive algorithms, math, number theory; data structures, dp, hashing, implementation, sortings, string suffix structures, strings; brute force, dp, hashing, implementation, math; binary search, constructive algorithms, data structures, probabilities, two pointers; dfs and similar, dp, graphs, trees; bitmasks, data structures, dfs and similar, math, number theory; data structures, implementation",1,1,0,1,1,0,0,1,1,0,1,1,0,0,1,1,0,1,0,0,0,1,1,1,0,1,0,1,1,0,1,0,0,0,0,0
114,3444,3518,7200,1456683000,"dp, math; data structures; data structures, divide and conquer, greedy; binary search, dfs and similar, dp, graphs, greedy, trees; two pointers; dfs and similar, dsu, graphs, trees",0,1,0,1,0,1,0,1,0,1,1,0,0,0,1,0,0,1,0,0,0,0,0,1,0,1,0,0,0,0,0,0,0,1,0,0
115,3518,3582,7200,1457342700,"data structures, geometry, math; binary search, brute force, dp, two pointers; dfs and similar, dp, dsu, graphs, greedy; binary search, data structures, dp, hashing; data structures, dfs and similar, dsu, greedy, trees",0,1,0,1,0,1,0,1,1,1,1,0,0,0,1,0,0,1,0,0,0,0,1,1,0,1,0,0,0,1,0,0,0,0,0,0
116,3582,3534,7200,1458318900,"brute force, constructive algorithms, implementation; greedy, math; binary search, two pointers; binary search, dp, graphs; dp, greedy, strings; combinatorics, math, number theory; binary search, geometry",1,1,1,1,0,0,0,1,0,1,0,0,0,0,0,1,0,0,0,0,0,0,1,1,0,1,0,1,0,1,1,0,0,0,0,0
117,3534,3588,7200,1459182900,"implementation; constructive algorithms, graphs, trees; hashing, implementation, math; data structures, greedy, sortings, two pointers; binary search, greedy, math, sortings; data structures, dfs and similar, graphs, trees",1,0,0,1,1,0,0,1,1,1,1,0,0,0,1,0,0,1,0,0,0,0,0,1,0,1,0,0,0,0,1,0,0,0,0,0
118,3588,3640,7200,1460729700,"bitmasks, math, matrices, probabilities; dfs and similar, graphs; bitmasks, brute force, divide and conquer, dp, fft, math; constructive algorithms, greedy, implementation, math; brute force, dp, greedy",1,1,0,1,0,0,0,1,0,1,1,1,0,1,0,0,0,0,0,0,0,1,1,0,0,0,1,0,0,0,1,0,0,1,0,0
119,3640,3501,7200,1461515700,"implementation; implementation; brute force, constructive algorithms, implementation; dp, implementation, math, probabilities; data structures; ; ",1,1,0,1,0,0,0,0,0,0,0,0,0,0,1,0,0,0,0,0,0,1,1,0,0,0,0,0,0,0,1,0,0,0,0,0
120,3501,3554,10800,1462633500,"implementation; constructive algorithms, graphs; dp; ; dp, math, probabilities, trees; dp, math, meet-in-the-middle; data structures",1,1,0,1,0,0,0,1,0,0,0,0,0,0,1,0,0,1,1,0,0,1,0,0,0,0,0,0,0,0,1,0,0,0,0,0
121,3554,3525,7200,1467219900,"dfs and similar, graphs; chinese remainder theorem, math, number theory; dp; brute force, data structures, dsu, graphs, sortings; dfs and similar, graphs",0,1,0,1,1,1,0,1,0,0,1,0,1,0,1,1,0,0,0,0,0,0,1,0,0,0,0,0,0,0,0,0,0,0,0,0
122,3525,3580,12600,1467534000,"bitmasks, dp, math, probabilities; graphs; geometry, math; ; data structures; combinatorics, number theory; string suffix structures",0,1,1,1,0,0,0,1,0,0,0,1,0,0,1,1,0,0,0,0,0,1,0,0,0,0,0,0,1,1,0,0,0,0,0,0
123,3580,3638,7200,1481992500,"dfs and similar, graphs; bitmasks, divide and conquer, interactive; bitmasks, brute force, dp; geometry; strings, two pointers",0,1,0,0,0,0,1,1,0,0,1,1,0,0,0,0,0,0,0,0,0,0,1,1,0,0,0,1,0,1,0,0,0,1,0,0
124,3638,3615,9000,1483107300,"binary search, brute force, implementation, math; geometry, implementation; binary search, greedy, math; brute force, data structures, dfs and similar, dp, implementation; data structures, divide and conquer, dp, matrices; constructive algorithms, implementation, interactive, trees; bitmasks, brute force, combinatorics, dp; dfs and similar, dsu, graphs, interactive",1,1,1,1,0,1,1,1,0,1,1,1,0,0,1,0,0,1,0,0,0,0,1,0,0,1,1,0,0,1,1,0,0,1,0,0
125,3615,3670,10800,1484235300,"implementation; greedy, math, number theory; data structures, hashing, sortings, strings; bitmasks, dp; brute force, combinatorics, dp, number theory; data structures, graphs, shortest paths; data structures, divide and conquer, graphs, trees",0,1,1,1,1,0,0,1,1,1,0,1,0,0,1,1,0,1,0,1,0,0,1,0,0,0,0,1,0,0,1,0,0,1,0,0
126,3670,3739,7200,1484499900,"brute force, graphs, math, number theory; binary search, data structures, games, greedy, sortings, strings; dfs and similar, dsu, graphs, interactive, trees; data structures; constructive algorithms, graphs, shortest paths; bitmasks, dp, greedy; combinatorics, divide and conquer, dp, fft, math, number theory",1,1,1,1,1,1,1,1,0,1,1,1,0,1,1,1,0,1,0,1,0,0,1,0,0,1,0,1,0,0,0,0,0,1,1,0
127,3739,3544,7200,1485108900,"constructive algorithms, dfs and similar; binary search, dp; data structures; brute force, combinatorics, dp, string suffix structures; combinatorics, dp, math; expression parsing, math, number theory",1,1,1,1,0,0,0,0,0,0,1,0,0,0,1,1,0,0,0,0,0,0,1,0,1,1,0,0,1,0,0,0,0,0,0,0
128,3544,3534,7800,1487861100,"brute force, implementation, strings; constructive algorithms, number theory; binary search, brute force, data structures, implementation, math; 2-sat, dfs and similar, dsu, graphs; math, number theory; constructive algorithms, data structures, divide and conquer, geometry, graphs, implementation, trees; bitmasks, combinatorics, dp",1,1,1,1,0,1,0,1,0,0,1,1,0,0,1,1,0,1,0,0,0,0,1,0,0,1,0,1,0,1,1,0,0,1,0,1
129,3534,3602,7200,1494516900,"brute force, implementation; data structures, implementation; binary search, data structures, implementation; brute force, dp, meet-in-the-middle; data structures, greedy, two pointers; data structures; binary search, data structures, geometry",0,1,0,0,0,0,0,0,0,1,0,0,0,0,1,0,0,0,1,0,0,0,1,1,0,1,0,0,0,1,1,0,0,0,0,0
130,3602,3488,9000,1503592500,"dfs and similar, dsu, implementation, math, sortings; brute force, interactive, probabilities; constructive algorithms, dfs and similar, graphs, math, trees; graphs, shortest paths; flows, graphs",1,0,0,1,1,1,1,1,0,0,1,0,0,0,0,0,1,1,0,1,0,1,1,0,0,0,0,0,0,0,1,0,0,0,0,0
131,3488,3438,9000,1505583300,"greedy, implementation; brute force, geometry, math; dp, games; dp, probabilities, trees; combinatorics, dfs and similar, dsu, graphs, trees; greedy; math",0,1,1,1,0,1,0,1,0,1,1,0,0,0,0,0,0,1,0,0,0,1,1,0,0,0,0,0,0,1,1,0,0,0,1,0
132,3438,3411,9000,1506263700,"brute force, implementation, strings; brute force, data structures, dp; dp, trees; trees; bitmasks, dp; binary search, data structures; dfs and similar, dp, graphs, trees",0,1,0,0,0,0,0,1,0,0,1,1,0,0,1,0,0,1,0,0,0,0,1,0,0,1,0,1,0,0,1,0,0,0,0,0
133,3411,3496,10800,1506791100,"combinatorics, constructive algorithms, math; greedy, implementation, sortings; binary search, dp, probabilities; data structures, greedy, two pointers; brute force; combinatorics, meet-in-the-middle; math",1,1,1,1,1,0,0,0,0,1,0,0,0,0,1,0,0,0,1,0,0,1,1,1,0,1,0,0,0,0,1,0,0,0,0,0
134,3496,3206,7200,1520696100,"brute force, math, number theory; binary search, data structures, implementation; data structures, greedy, strings, trees; constructive algorithms, implementation, strings; fft, math, matrices; constructive algorithms, graphs, trees",1,0,0,1,0,0,0,1,0,1,0,0,0,1,1,1,0,1,0,0,0,0,1,0,0,1,1,1,0,0,1,0,0,0,0,0
135,3206,3235,9000,1525007700,"binary search, data structures, greedy; binary search, data structures, greedy, two pointers; constructive algorithms, data structures, greedy, math; constructive algorithms, graphs; data structures, trees; flows",1,0,0,1,0,0,0,1,0,1,0,0,0,0,1,0,1,1,0,0,0,0,0,1,0,1,0,0,0,0,0,0,0,0,0,0
136,3235,3341,10800,1527432600,"brute force, implementation, strings; sortings; implementation, trees; bitmasks, dp, greedy; bitmasks, data structures, divide and conquer, dp; binary search, graph matchings, greedy; data structures; combinatorics, data structures, dp, fft, math",0,1,1,1,1,0,0,0,0,1,0,1,0,1,1,0,0,1,0,0,1,0,1,0,0,1,0,1,0,0,1,0,0,1,0,0
137,3341,3434,7800,1527608100,"graphs, greedy, number theory, shortest paths; combinatorics, math; bitmasks, dfs and similar, dsu, graphs; fft, math; brute force, data structures, math, number theory, trees; graphs, math, number theory, shortest paths",0,0,1,1,0,1,0,1,0,1,1,1,0,1,1,1,0,1,0,1,0,0,1,0,0,0,0,0,0,0,0,0,0,0,0,0
138,3434,3509,7200,1535898900,"constructive algorithms, greedy, math; greedy; dp, greedy, strings; dfs and similar, graphs, shortest paths, trees; graphs; combinatorics, data structures, math; games; data structures, string suffix structures",1,1,1,1,0,0,0,1,0,1,1,0,0,0,1,0,0,1,0,1,0,0,0,0,0,0,0,1,1,0,0,0,0,0,1,0
139,3509,3581,7200,1538931900,"dfs and similar, graphs, implementation; math, number theory; brute force, dp, games; interactive, math, number theory; binary search, constructive algorithms, dfs and similar, graphs, interactive; bitmasks, brute force, fft, math; games",1,1,0,1,0,0,1,1,0,0,1,1,0,1,0,1,0,0,0,0,0,0,1,0,0,1,0,0,0,0,1,0,0,0,1,0
140,3581,3312,7200,1540740900,"implementation, math; implementation; constructive algorithms, greedy, implementation; brute force, combinatorics, math, meet-in-the-middle, two pointers; constructive algorithms, greedy, math, sortings; bitmasks, combinatorics, dp, math, number theory, shortest paths; data structures, divide and conquer, hashing, string suffix structures, strings",1,1,1,1,1,0,0,0,1,1,0,1,0,0,1,1,0,0,1,1,0,0,1,1,0,0,0,1,1,0,1,0,0,1,0,0
141,3312,3401,7200,1541355000,"binary search, two pointers; dfs and similar, interactive, trees; dp, geometry; data structures, dsu; implementation; data structures",0,1,0,0,0,1,1,0,0,0,1,0,0,0,1,0,0,1,0,0,0,0,0,1,0,1,0,0,0,1,1,0,0,0,0,0
142,3401,3372,9000,1541860500,"graphs; dsu, implementation; math, number theory; greedy, implementation, strings; binary search, dp; strings, trees; ",0,1,0,1,0,1,0,1,0,1,0,0,0,0,0,1,0,1,0,0,0,0,0,0,0,1,0,1,0,0,1,0,0,0,0,0
143,3372,3469,9000,1544970900,"constructive algorithms, math; constructive algorithms, implementation; combinatorics, dp, math; dsu, graphs, shortest paths, sortings; binary search, constructive algorithms, greedy, math, number theory; constructive algorithms, implementation, interactive; math, probabilities; data structures, hashing, strings",1,1,1,1,1,1,1,1,1,1,0,0,0,0,1,1,0,0,0,1,0,1,0,0,0,1,0,1,0,0,1,0,0,0,0,0
144,3469,3559,9600,1546180500,"brute force, implementation, math; brute force, constructive algorithms, greedy, implementation; math, number theory; combinatorics, dp, math; binary search, data structures, graphs, greedy, implementation, math, sortings; constructive algorithms, greedy; interactive, math, number theory; games",1,1,1,1,1,0,1,1,0,1,0,0,0,0,1,1,0,0,0,0,0,0,1,0,0,1,0,0,0,0,1,0,0,0,1,0
145,3559,3539,10800,1546613100,"brute force, implementation; bitmasks, brute force, dp; greedy, implementation; dp, math, number theory, probabilities; constructive algorithms, greedy; bitmasks, combinatorics, number theory; combinatorics, dp, trees; bitmasks, brute force, dp, strings",1,1,1,1,0,0,0,0,0,1,0,1,0,0,0,1,0,1,0,0,0,1,1,0,0,0,0,1,0,0,1,0,0,0,0,0
146,3539,3624,7200,1549546500,"math; greedy, sortings; constructive algorithms, math, number theory; dp; constructive algorithms, math, sortings; data structures, trees; constructive algorithms, games, trees; dp, strings",1,1,0,1,1,0,0,0,0,1,0,0,0,0,1,1,0,1,0,0,0,0,0,0,0,0,0,1,0,0,0,0,0,0,1,0
147,3624,3628,7200,1554550500,"greedy, implementation; binary search, flows, greedy, sortings; constructive algorithms, greedy, implementation, math; binary search, sortings; brute force, dp, fft, greedy, ternary search; data structures, dp, trees; constructive algorithms, implementation; fft, math",1,1,0,1,1,0,0,0,0,1,0,0,0,1,1,0,1,1,0,0,0,0,1,0,0,1,0,0,0,0,1,0,1,0,0,0
148,3628,3698,9000,1555783500,"implementation, strings; implementation, strings; bitmasks, graphs, interactive; dfs and similar, math, number theory; bitmasks, data structures, divide and conquer, implementation; dp, trees; dp, flows, graphs; dp, geometry",0,1,0,1,0,0,1,1,0,0,1,1,0,0,1,1,1,1,0,0,0,0,0,0,0,0,0,1,0,1,1,0,0,1,0,0
149,3698,3686,8100,1559399700,"greedy; binary search, brute force, two pointers; constructive algorithms, sortings; greedy, sortings; constructive algorithms, greedy, math, sortings, two pointers; bitmasks, constructive algorithms; constructive algorithms, graphs, math, number theory, probabilities; data structures",1,0,0,1,1,0,0,1,0,1,0,1,0,0,1,1,0,0,0,0,0,1,1,1,0,1,0,0,0,0,0,0,0,0,0,0
150,3686,3645,7200,1564497300,"sortings, two pointers; binary search, brute force, data structures, sortings; constructive algorithms, graphs, greedy, sortings; dp; flows, graph matchings, graphs; greedy, number theory, probabilities",1,1,0,0,1,0,0,1,0,1,0,0,0,0,1,1,1,0,0,0,1,1,1,1,0,1,0,0,0,0,0,0,0,0,0,0
151,3645,3711,7500,1566743700,"math; binary search, brute force, implementation, two pointers; constructive algorithms; binary search, data structures, greedy, implementation; data structures, implementation; bitmasks, dfs and similar, dp, greedy; greedy, math, number theory; data structures, implementation, trees",1,1,0,1,0,0,0,0,0,1,1,1,0,0,1,1,0,1,0,0,0,0,1,1,0,1,0,0,0,0,1,0,0,0,0,0
152,3711,3557,9000,1568466300,"greedy, implementation, math; implementation, math, number theory; constructive algorithms, greedy, implementation; dfs and similar, dsu, graphs; bitmasks, brute force, dp, greedy, sortings; bitmasks, dp, greedy, sortings; data structures, dfs and similar, graphs, shortest paths, strings, trees; data structures, dsu, greedy, implementation, two pointers; data structures; data structures, greedy, math",1,1,0,1,1,1,0,1,0,1,1,1,0,0,1,1,0,1,0,1,0,0,1,1,0,0,0,1,0,0,1,0,0,0,0,0
153,3557,3532,7200,1572087900,"bitmasks, brute force, math; hashing, implementation, math; data structures, dp; constructive algorithms, divide and conquer, greedy, trees; ; ",1,1,0,1,0,0,0,0,1,1,0,1,0,0,1,0,0,1,0,0,0,0,1,0,0,0,0,0,0,0,1,0,0,1,0,0
154,3532,3544,7200,1574582700,"brute force, constructive algorithms, greedy, implementation; data structures, dp, greedy; binary search, constructive algorithms, data structures, greedy, sortings; binary search, brute force, data structures, dfs and similar, graphs, greedy, shortest paths; combinatorics, dp; combinatorics, fft, math, number theory; constructive algorithms, greedy; bitmasks, divide and conquer, math",1,1,1,1,1,0,0,1,0,1,1,1,0,1,1,1,0,0,0,1,0,0,1,0,0,1,0,0,0,0,1,0,0,1,0,0
155,3544,3556,7200,1575556500,"greedy, implementation; brute force, constructive algorithms, greedy; data structures, probabilities; combinatorics, dp, probabilities; combinatorics, probabilities; constructive algorithms, flows, graph matchings; constructive algorithms, number theory",1,1,1,0,0,0,0,0,0,1,0,0,0,0,1,1,1,0,0,0,1,1,1,0,0,0,0,0,0,0,1,0,0,0,0,0
156,3556,3539,9000,1576595100,"chinese remainder theorem, math; constructive algorithms, math; constructive algorithms, greedy, math, number theory; constructive algorithms, data structures, graphs, greedy, implementation, math, two pointers; data structures, greedy, implementation; dfs and similar, graphs; string suffix structures; dp, graphs, math, matrices, meet-in-the-middle",1,1,0,1,0,0,0,1,0,1,1,0,1,0,1,1,0,0,1,0,0,0,0,1,0,0,1,0,1,0,1,0,0,0,0,0
157,3539,3615,7200,1576926300,"constructive algorithms, greedy, implementation, strings; dp, greedy, math; binary search, data structures; brute force, divide and conquer, graphs, math; dp",1,1,0,1,0,0,0,1,0,1,0,0,0,0,1,0,0,0,0,0,0,0,1,0,0,1,0,1,0,0,1,0,0,1,0,0
158,3615,3418,10800,1577628300,"games, greedy, math; constructive algorithms, greedy, math; bitmasks, constructive algorithms, math; constructive algorithms, interactive, math, sortings; constructive algorithms, geometry, math; math, strings; constructive algorithms, dfs and similar, graphs, math; data structures; constructive algorithms, fft, math",1,0,0,1,1,0,1,1,0,1,1,1,0,1,1,0,0,0,0,0,0,0,0,0,0,0,0,1,0,1,0,0,0,0,1,0
159,3418,3430,9000,1578139500,"implementation, strings; binary search, combinatorics, data structures, dp, implementation, sortings; combinatorics, math; binary search, data structures, hashing, sortings; combinatorics, geometry, math, sortings; data structures, graph matchings, graphs, math, trees; graphs",0,1,1,1,1,0,0,1,1,0,0,0,0,0,1,0,0,1,0,0,1,0,0,0,0,1,0,1,0,1,1,0,0,0,0,0
160,3430,3461,7200,1579440900,"data structures, dsu, implementation; brute force, constructive algorithms, geometry, greedy, implementation; combinatorics, dfs and similar, dp, greedy, trees; dp, graphs, greedy, math, number theory, trees; constructive algorithms, greedy, interactive, math; bitmasks, combinatorics, dp",1,1,1,1,0,1,1,1,0,1,1,1,0,0,1,1,0,1,0,0,0,0,1,0,0,0,0,0,0,1,1,0,0,0,0,0
161,3461,3549,9000,1580652300,"brute force, data structures, implementation; binary search, constructive algorithms, data structures, strings, two pointers; dfs and similar, dsu, graphs; constructive algorithms, graphs, interactive; data structures; dp",1,1,0,0,0,1,1,1,0,0,1,0,0,0,1,0,0,0,0,0,0,0,1,1,0,1,0,1,0,0,1,0,0,0,0,0
162,3549,3404,8100,1581953700,"greedy, implementation; geometry, greedy, math; brute force, dp, math, strings; binary search, data structures, dfs and similar, graphs, greedy, shortest paths, sortings; binary search, combinatorics, dp, greedy, implementation, math; dfs and similar, dsu, trees; flows, graphs, shortest paths",0,1,1,1,1,1,0,1,0,1,1,0,0,0,1,0,1,1,0,1,0,0,1,0,0,1,0,1,0,1,1,0,0,0,0,0
163,3404,3496,9000,1582473900,"data structures, greedy, sortings; dp, implementation; binary search, dp, strings; dp, graphs, probabilities; dp; math, number theory",0,1,0,1,1,0,0,1,0,1,0,0,0,0,1,1,0,0,0,0,0,1,0,0,0,1,0,1,0,0,1,0,0,0,0,0
164,3496,3585,8100,1583246100,"brute force, constructive algorithms, greedy, sortings; constructive algorithms, greedy, strings, two pointers; brute force, combinatorics, math, number theory; constructive algorithms, dfs and similar, interactive, trees; constructive algorithms, greedy, implementation, math; math, number theory, probabilities; bitmasks, brute force, dp, dsu, graphs; binary search, greedy",1,1,1,1,1,1,1,1,0,1,1,1,0,0,0,1,0,1,0,0,0,1,1,1,0,1,0,1,0,0,1,0,0,0,0,0
165,3585,3669,9000,1584628500,"constructive algorithms, number theory; implementation, math; combinatorics, greedy, math; hashing, string suffix structures, strings; binary search, greedy, hashing, string suffix structures, strings; data structures, two pointers; bitmasks, brute force, dp, meet-in-the-middle; bitmasks, dp, math; dp, geometry, trees",1,1,1,1,0,0,0,0,1,1,0,1,0,0,1,1,0,1,1,0,0,0,1,1,0,1,0,1,1,1,1,0,0,0,0,0
166,3669,3673,7200,1585924500,"constructive algorithms, greedy, implementation, math; bitmasks, combinatorics, math; constructive algorithms, data structures, greedy, implementation; constructive algorithms, data structures; binary search, greedy",1,0,1,1,0,0,0,0,0,1,0,1,0,0,1,0,0,0,0,0,0,0,0,0,0,1,0,0,0,0,1,0,0,0,0,0
167,3673,3733,7200,1586700300,"greedy, math; bitmasks, constructive algorithms, dfs and similar, greedy, math, trees; bitmasks, brute force, constructive algorithms, divide and conquer, math; constructive algorithms, dfs and similar, dp, math, trees; graphs",1,1,0,1,0,0,0,1,0,1,1,1,0,0,0,0,0,1,0,0,0,0,1,0,0,0,0,0,0,0,0,0,0,1,0,0
168,3733,3541,9000,1586961300,"dfs and similar, dp, greedy, sortings, trees; binary search, greedy, math, sortings, two pointers; dp, strings; constructive algorithms, interactive; bitmasks, brute force, combinatorics, math; bitmasks, brute force, combinatorics, math; data structures, divide and conquer, graphs, trees",1,1,1,1,1,0,1,1,0,1,1,1,0,0,1,0,0,1,0,0,0,0,1,1,0,1,0,1,0,0,0,0,0,1,0,0
169,3541,3409,9000,1589286900,"data structures, math, number theory; constructive algorithms, greedy, math; dfs and similar, graphs, implementation, shortest paths; math, probabilities; constructive algorithms, dp, greedy; dp, fft, math; dp, fft, math",1,1,0,1,0,0,0,1,0,1,1,0,0,1,1,1,0,0,0,1,0,1,0,0,0,0,0,0,0,0,1,0,0,0,0,0
170,3409,3520,9000,1591281300,"constructive algorithms, graphs, greedy, sortings; greedy, implementation, math, sortings; binary search, bitmasks, constructive algorithms, dfs and similar, dsu, graphs; greedy, implementation, math, trees; dfs and similar, graphs, probabilities, trees; data structures, implementation, math",1,0,0,1,1,1,0,1,0,1,1,1,0,0,1,0,0,1,0,0,0,1,0,0,0,1,0,0,0,0,1,0,0,0,0,0
171,3520,3567,9000,1592491500,"brute force, greedy, implementation, math; brute force, constructive algorithms, greedy, math, strings; constructive algorithms; bitmasks, greedy, math; constructive algorithms, graphs, greedy; games, implementation, interactive, math; data structures, geometry, graphs, trees; dp, flows, greedy; ",1,1,0,1,0,0,1,1,0,1,0,1,0,0,1,0,1,1,0,0,0,0,1,0,0,0,0,1,0,1,1,0,0,0,1,0
172,3567,3669,9000,1593873900,"constructive algorithms, math; constructive algorithms, greedy; constructive algorithms, data structures, greedy; brute force, constructive algorithms, sortings; constructive algorithms, greedy, sortings; constructive algorithms, games, interactive, math; brute force, constructive algorithms, dfs and similar, graph matchings, graphs, trees; constructive algorithms, divide and conquer; geometry, math, matrices, number theory",1,0,0,1,1,0,1,1,0,1,1,0,0,0,1,1,0,1,0,0,1,0,1,0,0,0,1,0,0,1,0,0,0,1,1,0
173,3669,3735,7200,1595601300,"dsu, graphs, greedy, sortings, strings, trees, two pointers; bitmasks, constructive algorithms, dp, games, greedy, math; bitmasks, dp, graphs, trees; brute force, constructive algorithms, graphs, greedy, sortings; combinatorics, data structures, dp; flows, graphs",1,1,1,1,1,1,0,1,0,1,0,1,0,0,1,0,1,1,0,0,0,0,1,1,0,0,0,1,0,0,0,0,0,0,1,0
174,3735,3515,7200,1597242900,"dp, greedy, sortings, two pointers; brute force, dfs and similar, graphs, hashing; binary search, geometry, ternary search; dp, greedy, sortings, trees; strings",0,1,0,0,1,0,0,1,1,1,1,0,0,0,0,0,0,1,0,0,0,0,1,1,0,1,0,1,0,1,0,0,1,0,0,0
175,3515,3506,10800,1597588500,"greedy, math; implementation, math; greedy, implementation; dp, greedy; bitmasks, constructive algorithms, interactive, math; binary search, constructive algorithms, data structures, greedy, math; bitmasks, dfs and similar, dp, math, shortest paths; combinatorics, dp, math, probabilities; fft, graphs, math",1,1,1,1,0,0,1,1,0,1,1,1,0,1,1,0,0,0,0,1,0,1,0,0,0,1,0,0,0,0,1,0,0,0,0,0
176,3506,3613,7200,1598798100,"constructive algorithms, greedy, number theory; brute force, constructive algorithms, games, greedy; dp, greedy, implementation; data structures, sortings, two pointers; constructive algorithms, dfs and similar, trees",1,1,0,0,1,0,0,0,0,1,1,0,0,0,1,1,0,1,0,0,0,0,1,1,0,0,0,0,0,0,1,0,0,0,1,0
177,3613,3438,7200,1599402900,"implementation, strings; dfs and similar, dp, games, trees; binary search, constructive algorithms, data structures, greedy, two pointers; constructive algorithms, dfs and similar, interactive, math, number theory; flows, graph matchings, graphs",1,1,0,1,0,0,1,1,0,1,1,0,0,0,1,1,1,1,0,0,1,0,0,1,0,1,0,1,0,0,1,0,0,0,1,0
178,3438,3533,7200,1601219100,"binary search, data structures, implementation, two pointers; constructive algorithms, greedy, math; bitmasks, data structures, divide and conquer, dp, greedy, math, sortings, strings, trees; data structures, dsu, graphs, implementation, trees; binary search, data structures, dp, greedy; flows, graph matchings, greedy, implementation",1,1,0,1,1,1,0,1,0,1,0,1,0,0,1,0,1,1,0,0,1,0,0,1,0,1,0,1,0,0,1,0,0,1,0,0
179,3533,3629,9900,1601476500,"constructive algorithms; constructive algorithms, greedy, math; binary search, dp, implementation, math, two pointers; binary search, brute force, data structures, dp, implementation, sortings, two pointers; data structures, dsu, graphs, greedy, sortings, trees; constructive algorithms, divide and conquer; combinatorics, dp, dsu, fft, graphs, trees; binary search, data structures, flows, greedy; dp, math",1,1,1,1,1,1,0,1,0,1,0,0,0,1,1,0,1,1,0,0,0,0,1,1,0,1,0,0,0,0,1,0,0,1,0,0
180,3629,3509,10800,1602341400,"math, sortings; greedy, implementation, sortings; dp; constructive algorithms, implementation; bitmasks, constructive algorithms, math, matrices, number theory; data structures, greedy, trees; flows, graphs; binary search, games, geometry, ternary search",1,1,0,1,1,0,0,1,0,1,0,1,0,0,1,1,1,1,0,0,0,0,0,0,0,1,1,0,0,1,1,0,1,0,1,0
181,3509,3619,7200,1603623900,"binary search, brute force, data structures, dp, greedy, sortings, two pointers; data structures, greedy, implementation; binary search, greedy, math, ternary search; data structures, dfs and similar, trees; dsu, games",0,1,0,1,1,1,0,0,0,1,1,0,0,0,1,0,0,1,0,0,0,0,1,1,0,1,0,0,0,0,1,0,1,0,1,0
182,3619,3687,7200,1604239500,"combinatorics, greedy; graphs, shortest paths; divide and conquer, greedy; ; games, interactive; ",0,0,1,0,0,0,1,1,0,1,0,0,0,0,0,0,0,0,0,1,0,0,0,0,0,0,0,0,0,0,0,0,0,1,1,0
183,3687,3712,10800,1607265300,"constructive algorithms, sortings; brute force, geometry, greedy; constructive algorithms, math; constructive algorithms, math; binary search, data structures, greedy, implementation, two pointers; constructive algorithms, dfs and similar, graphs, shortest paths; constructive algorithms, greedy; bitmasks, dp, trees; combinatorics, fft, math; combinatorics, implementation, math",1,1,1,1,1,0,0,1,0,1,1,1,0,1,1,0,0,1,0,1,0,0,1,1,0,1,0,0,0,1,1,0,0,0,0,0
184,3712,3783,7200,1608370500,"math, number theory; dp; math, matrices; data structures, graphs, greedy; data structures, games; data structures, trees",0,1,0,1,0,0,0,1,0,1,0,0,0,0,1,1,0,1,0,0,0,0,0,0,0,0,1,0,0,0,0,0,0,0,1,0
185,3783,3601,7200,1608476700,"constructive algorithms, dfs and similar, dsu, graphs; brute force, data structures, greedy, implementation, ternary search; bitmasks, constructive algorithms, dp, greedy, math; greedy, implementation, math; bitmasks, dp, games, math, matrices, probabilities; data structures, trees",1,1,0,1,0,1,0,1,0,1,1,1,0,0,1,0,0,1,0,0,0,1,1,0,0,0,1,0,0,0,1,0,1,0,1,0
186,3601,3702,10800,1609338900,"brute force, geometry, math; dp, greedy; dp, greedy, strings; data structures, greedy, sortings, trees; bitmasks, brute force, math; bitmasks, dfs and similar, dsu, graphs, greedy, math, sortings; combinatorics, divide and conquer, hashing, math, string suffix structures, strings; combinatorics, dp, graphs, greedy, math; binary search, data structures, data structures, interactive",0,1,1,1,1,1,1,1,1,1,1,1,0,0,1,0,0,1,0,0,0,0,1,0,0,1,0,1,1,1,0,0,0,1,0,0
187,3702,3778,7200,1609857300,"binary search, dp, greedy, sortings, two pointers; bitmasks, graphs, hashing, math, number theory; binary search, brute force, constructive algorithms, interactive; constructive algorithms, dfs and similar, graph matchings, graphs, greedy; binary search, combinatorics, data structures, dp, graphs, implementation, two pointers; divide and conquer",1,1,1,1,1,0,1,1,1,1,1,1,0,0,1,1,0,0,0,0,1,0,1,1,0,1,0,0,0,0,1,0,0,1,0,0
188,3778,3748,8100,1611844500,"constructive algorithms, math, number theory; data structures, greedy; constructive algorithms, geometry, greedy, math, sortings; constructive algorithms, dfs and similar, graphs; data structures, greedy; combinatorics, fft, math, probabilities",1,0,1,1,1,0,0,1,0,1,1,0,0,1,1,1,0,0,0,0,0,1,0,0,0,0,0,0,0,1,0,0,0,0,0,0
189,3748,3565,10800,1614519300,"brute force, greedy, implementation; brute force, math; brute force, data structures, dp, greedy, implementation; bitmasks, constructive algorithms, dp, greedy, math; brute force, dfs and similar, divide and conquer, number theory, trees; binary search, constructive algorithms, interactive; constructive algorithms, graphs, math; data structures, trees; brute force, data structures",1,1,0,1,0,0,1,1,0,1,1,1,0,0,1,1,0,1,0,0,0,0,1,0,0,1,0,0,0,0,1,0,0,1,0,0
190,3565,3572,7200,1615377900,"geometry, greedy, math, sortings; games, greedy; constructive algorithms, graphs; combinatorics, dfs and similar, graphs, math, shortest paths, trees; brute force, data structures, greedy, implementation; constructive algorithms, data structures, dp, graphs, trees",1,1,1,1,1,0,0,1,0,1,1,0,0,0,1,0,0,1,0,1,0,0,1,0,0,0,0,0,0,1,1,0,0,0,1,0
191,3572,3668,9000,1615626300,"brute force, hashing, implementation, math; binary search, brute force, chinese remainder theorem, math, number theory; bitmasks, brute force, constructive algorithms, greedy, two pointers; data structures, sortings, two pointers; binary search, data structures; dp",1,1,0,1,1,0,0,0,1,1,0,1,1,0,1,1,0,0,0,0,0,0,1,1,0,1,0,0,0,0,1,0,0,0,0,0
192,3668,3697,8100,1617460500,"constructive algorithms, greedy; constructive algorithms, games, interactive; binary search, data structures, dp, greedy, shortest paths, sortings, two pointers; 2-sat, constructive algorithms, data structures, greedy, sortings, two pointers; combinatorics, dp, math; constructive algorithms, data structures, divide and conquer, geometry, graphs, implementation",1,1,1,1,1,0,1,1,0,1,0,0,0,0,1,0,0,0,0,1,0,0,0,1,0,1,0,0,0,1,1,0,0,1,1,1
193,3697,3682,8100,1618583700,"constructive algorithms, greedy, implementation, strings, two pointers; binary search, combinatorics, constructive algorithms, implementation; bitmasks, brute force, data structures, dfs and similar, dsu, graphs, greedy, trees; constructive algorithms, geometry, sortings; brute force, constructive algorithms, data structures, dfs and similar, sortings, trees; brute force, data structures",1,0,1,0,1,1,0,1,0,1,1,1,0,0,1,0,0,1,0,0,0,0,1,1,0,1,0,1,0,1,1,0,0,0,0,0
194,3682,3617,9900,1619188500,"greedy, math; constructive algorithms, greedy, sortings; constructive algorithms, dfs and similar, greedy, implementation; dp, graphs, shortest paths; binary search, data structures, implementation, two pointers; combinatorics, dp, trees; constructive algorithms, flows, graphs; dp, geometry",1,1,1,1,1,0,0,1,0,1,1,0,0,0,1,0,1,1,0,1,0,0,0,1,0,1,0,0,0,1,1,0,0,0,0,0
195,3617,3579,10800,1619966100,"constructive algorithms, greedy, math; brute force, geometry, math, number theory; constructive algorithms, data structures, greedy; greedy, sortings, two pointers; combinatorics, dp, math; constructive algorithms, dfs and similar, dsu, graphs, greedy, trees; dfs and similar, graphs, math, number theory; bitmasks, brute force, data structures, sortings; binary search, data structures, sortings",1,1,1,1,1,1,0,1,0,1,1,1,0,0,1,1,0,1,0,0,0,0,1,1,0,1,0,0,0,1,0,0,0,0,0,0
196,3579,3538,8100,1621866900,"dfs and similar, divide and conquer, dp, greedy, trees; combinatorics, dp, math; data structures, dfs and similar, greedy, trees; constructive algorithms, graphs, shortest paths; combinatorics, dp, trees; combinatorics, fft, math",1,1,1,1,0,0,0,1,0,1,1,0,0,1,1,0,0,1,0,1,0,0,0,0,0,0,0,0,0,0,0,0,0,1,0,0
197,3538,3669,8100,1622385300,"implementation; constructive algorithms; brute force, data structures, greedy, implementation, trees; bitmasks, brute force, dp, probabilities; combinatorics, dp, math, probabilities; bitmasks, dp; data structures, divide and conquer; data structures, dp",1,1,1,1,0,0,0,0,0,1,0,1,0,0,1,0,0,1,0,0,0,1,1,0,0,0,0,0,0,0,1,0,0,1,0,0
198,3669,3723,10800,1623598500,"brute force, implementation; greedy, implementation, math; combinatorics, dp, dsu, graphs, math; constructive algorithms, interactive, trees; graphs, greedy, interactive, shortest paths; dfs and similar, graphs, greedy; dfs and similar, dp, graphs, greedy; data structures, dp, geometry, sortings; constructive algorithms, dp, graphs, interactive, sortings, trees",1,1,1,1,1,1,1,1,0,1,1,0,0,0,1,0,0,1,0,1,0,0,1,0,0,0,0,0,0,1,1,0,0,0,0,0
199,3723,3748,8100,1624635300,"constructive algorithms, graphs, greedy, shortest paths, sortings; brute force, combinatorics, dp, graphs, math, probabilities, trees; dp, math; dp, math; binary search, brute force, data structures; math, matrices",1,1,1,1,1,0,0,1,0,1,0,0,0,0,1,0,0,1,0,1,0,1,1,0,0,1,1,0,0,0,0,0,0,0,0,0
200,3748,3729,9000,1626964500,"math, number theory; brute force, dp, hashing, implementation, strings; bitmasks, brute force, dp, greedy; dp, greedy, strings, two pointers; brute force, combinatorics, constructive algorithms, dfs and similar, dsu, graphs, math; data structures, math; brute force, constructive algorithms, dsu, graphs, hashing, math, number theory; bitmasks, divide and conquer, trees; combinatorics, divide and conquer, dp, fft, math",1,1,1,1,0,1,0,1,1,1,1,1,0,1,1,1,0,1,0,0,0,0,1,1,0,0,0,1,0,0,1,0,0,1,0,0
201,3729,3822,9900,1627223700,"sortings, strings; combinatorics, graphs, greedy, sortings; combinatorics, constructive algorithms, geometry, greedy, sortings; bitmasks, brute force, constructive algorithms, dfs and similar, dp, graphs, math; constructive algorithms, data structures, greedy, sortings; binary search, data structures, dp, sortings; bitmasks, brute force, dfs and similar, sortings; binary search, interactive, number theory; dfs and similar, math",1,1,1,1,1,0,1,1,0,1,1,1,0,0,1,1,0,0,0,0,0,0,1,0,0,1,0,1,0,1,0,0,0,0,0,0
202,3822,3819,8700,1627828500,"brute force, graphs, greedy; binary search, data structures, divide and conquer, math, number theory, two pointers; combinatorics, dp, fft, math; bitmasks, geometry, math, number theory; brute force, geometry, math, number theory; data structures, divide and conquer, graphs, greedy, math",0,1,1,1,0,0,0,1,0,1,0,1,0,1,1,1,0,0,0,0,0,0,1,1,0,1,0,0,0,1,0,0,0,1,0,0
203,3819,3656,9000,1630247700,"math; implementation; brute force, implementation; bitmasks, constructive algorithms, interactive, math; data structures, dp, greedy; bitmasks, combinatorics, dp, graphs, math, probabilities; bitmasks, data structures, dsu, two pointers; graphs, greedy, math, probabilities",1,1,1,1,0,1,1,1,0,1,0,1,0,0,1,0,0,0,0,0,0,1,1,1,0,0,0,0,0,0,1,0,0,0,0,0
204,3656,3707,9000,1631457300,"binary search, greedy, math; bitmasks, constructive algorithms, dp, greedy; bitmasks, constructive algorithms, dp, greedy; data structures, greedy, sortings; data structures, greedy, implementation, sortings, two pointers; constructive algorithms, dfs and similar, dp, greedy, trees; data structures, dp, greedy, implementation, sortings; constructive algorithms, data structures, graphs, greedy, implementation, shortest paths; constructive algorithms, dp, interactive, math, number theory",1,1,0,1,1,0,1,1,0,1,1,1,0,0,1,1,0,1,0,1,0,0,0,1,0,1,0,0,0,0,1,0,0,0,0,0
205,3707,3804,7200,1635604500,"constructive algorithms, math, number theory; constructive algorithms, math, number theory; dp, greedy, math, number theory; divide and conquer, dp, number theory; combinatorics, dp, math; combinatorics, dp, implementation, math",1,1,1,1,0,0,0,0,0,1,0,0,0,0,0,1,0,0,0,0,0,0,0,0,0,0,0,0,0,0,1,0,0,1,0,0
206,3804,3797,10800,1637678100,"math; greedy, two pointers; binary search, greedy; combinatorics, dp, math, number theory; binary search, brute force, greedy, implementation, math; constructive algorithms, dfs and similar, graphs; data structures, greedy, hashing; data structures, dfs and similar, greedy, trees; games, trees",1,1,1,1,0,0,0,1,1,1,1,0,0,0,1,1,0,1,0,0,0,0,1,1,0,1,0,0,0,0,1,0,0,0,1,0
207,3797,3870,9000,1638110100,"greedy, implementation, math, number theory; implementation, strings; binary search, dp, implementation, number theory, schedules, two pointers; dsu, graphs, greedy, implementation, trees; bitmasks, data structures, dp, matrices; data structures, divide and conquer, meet-in-the-middle, two pointers; data structures, greedy, math; ",0,1,0,1,0,1,0,1,0,1,0,1,0,0,1,1,0,1,1,0,0,0,0,1,0,1,1,1,0,0,1,1,0,1,0,0
208,3870,3756,9000,1640356500,"greedy, math; bitmasks, greedy, math; brute force, graphs, greedy, math; bitmasks, dfs and similar, dsu, graphs, trees; data structures, dfs and similar, games, graphs, greedy, math, sortings, trees; combinatorics, dp, math; constructive algorithms, graph matchings; binary search, constructive algorithms, data structures, divide and conquer, flows, graphs, shortest paths",1,1,1,1,1,1,0,1,0,1,1,1,0,0,1,0,1,1,0,1,1,0,1,0,0,1,0,0,0,0,0,0,0,1,1,0
209,3756,3836,7200,1640792100,"implementation; greedy, strings; brute force, geometry, implementation, math; dp, greedy, math; brute force, data structures, greedy, strings; brute force, graphs, math, matrices; dfs and similar, dp, graphs; bitmasks, combinatorics, data structures, divide and conquer, dp, math",0,1,1,1,0,0,0,1,0,1,1,1,0,0,1,0,0,0,0,0,0,0,1,0,0,0,1,1,0,1,1,0,0,1,0,0
210,3836,3911,8100,1641220500,"constructive algorithms; data structures, greedy, implementation; dfs and similar, interactive, math; constructive algorithms, greedy, math; binary search, data structures, dp, greedy, implementation, sortings; data structures, greedy, implementation; data structures, dp, math; dfs and similar, graphs, shortest paths, trees; data structures, hashing, string suffix structures",1,1,0,1,1,0,1,1,1,1,1,0,0,0,1,0,0,1,0,1,0,0,0,0,0,1,0,0,1,0,1,0,0,0,0,0
211,3911,3979,7200,1642862100,"binary search, constructive algorithms, greedy, implementation, math, two pointers; greedy, strings; constructive algorithms, greedy, implementation, interactive, math; combinatorics, dp, games, math; combinatorics, dp, games, math; binary search, data structures, dsu, trees; binary search, data structures, geometry, sortings",1,1,1,1,1,1,1,0,0,1,0,0,0,0,1,0,0,1,0,0,0,0,0,1,0,1,0,1,0,1,1,0,0,0,1,0
212,3979,3809,7200,1643294100,"bitmasks, constructive algorithms; binary search, constructive algorithms, data structures, greedy, two pointers; dp, greedy, sortings, two pointers; constructive algorithms, dp, greedy, number theory; combinatorics, math, number theory, probabilities; flows, graph matchings, graphs, number theory",1,1,1,1,1,0,0,1,0,1,0,1,0,0,1,1,1,0,0,0,1,1,0,1,0,1,0,0,0,0,0,0,0,0,0,0
213,3809,3879,9000,1644676500,"brute force, sortings; brute force, dp, greedy, math; greedy, implementation; dp, greedy, math; binary search, brute force, implementation; constructive algorithms, dfs and similar, dp, greedy, trees; constructive algorithms, greedy, math; data structures, greedy, math, sortings",1,1,0,1,1,0,0,0,0,1,1,0,0,0,1,0,0,1,0,0,0,0,1,0,0,1,0,0,0,0,1,0,0,0,0,0
214,3879,3946,7200,1645611000,"brute force, greedy, sortings; constructive algorithms, implementation, sortings; binary search, brute force, data structures, dsu, greedy, sortings; bitmasks, brute force, combinatorics, greedy, hashing, math, two pointers; combinatorics, divide and conquer, fft, math; geometry",1,0,1,1,1,1,0,0,1,1,0,1,0,1,1,0,0,0,0,0,0,0,1,1,0,1,0,0,0,1,1,0,0,1,0,0
215,3946,3796,7200,1648132500,"math, sortings; data structures, greedy, math, two pointers; constructive algorithms, math, number theory, sortings; constructive algorithms, math, number theory; constructive algorithms, dfs and similar, math, trees; binary search, constructive algorithms, graphs, greedy, math, sortings; constructive algorithms, graphs, math; data structures, math, number theory; constructive algorithms, graphs",1,0,0,1,1,0,0,1,0,1,1,0,0,0,1,1,0,1,0,0,0,0,0,1,0,1,0,0,0,0,0,0,0,0,0,0
216,3796,3801,7200,1650378900,"brute force, greedy, math; data structures, dp; constructive algorithms, math; constructive algorithms, dfs and similar, dp, trees; combinatorics, dp, fft, math; implementation",1,1,1,1,0,0,0,0,0,1,1,0,0,1,1,0,0,1,0,0,0,0,1,0,0,0,0,0,0,0,1,0,0,0,0,0
217,3801,3814,10800,1650722700,"games, implementation, math; constructive algorithms, implementation; constructive algorithms, greedy, implementation; constructive algorithms, greedy, implementation, two pointers; binary search, constructive algorithms, greedy, interactive; constructive algorithms, graphs, greedy; constructive algorithms, dfs and similar, graphs; constructive algorithms, graphs, math, matrices; constructive algorithms, data structures, greedy; data structures, greedy",1,0,0,1,0,0,1,1,0,1,1,0,0,0,1,0,0,0,0,0,0,0,0,1,0,1,1,0,0,0,1,0,0,0,1,0
218,3814,3805,7200,1652020500,"brute force, data structures, dp; data structures, implementation, math; constructive algorithms, dfs and similar, graphs, greedy; dp, math; data structures; dp, math",1,1,0,1,0,0,0,1,0,1,1,0,0,0,1,0,0,0,0,0,0,0,1,0,0,0,0,0,0,0,1,0,0,0,0,0
219,3805,3882,7200,1652970900,"constructive algorithms, games, math, strings; constructive algorithms, math; brute force, constructive algorithms, greedy, implementation, sortings; constructive algorithms, greedy, sortings; binary search, brute force, constructive algorithms, data structures, greedy, two pointers; data structures, two pointers; constructive algorithms, flows, graph matchings, math, number theory; constructive algorithms, dfs and similar, divide and conquer, math",1,0,0,1,1,0,0,0,0,1,1,0,0,0,1,1,1,0,0,0,1,0,1,1,0,1,0,1,0,0,1,0,0,1,1,0
220,3882,3764,8100,1653500100,"constructive algorithms, greedy, sortings; greedy, implementation, sortings, strings; brute force, constructive algorithms, greedy; constructive algorithms, dfs and similar, dsu; constructive algorithms, greedy; data structures, greedy",1,0,0,0,1,1,0,0,0,1,1,0,0,0,1,0,0,0,0,0,0,0,1,0,0,0,0,1,0,0,1,0,0,0,0,0
221,3764,3732,7200,1654266900,"brute force, greedy; constructive algorithms, graphs, greedy, interactive, sortings; binary search, brute force, data structures, dsu, greedy, sortings; binary search, brute force, data structures, dsu, implementation, math; combinatorics, constructive algorithms, greedy, math, number theory; fft, math",1,0,1,1,1,1,1,1,0,1,0,0,0,1,1,1,0,0,0,0,0,0,1,0,0,1,0,0,0,0,1,0,0,0,0,0
222,3732,3727,7200,1655390100,"greedy; dfs and similar, dp, greedy, trees; graphs, greedy, shortest paths; brute force, data structures, divide and conquer, dp, greedy; data structures, greedy; binary search, greedy, two pointers",0,1,0,0,0,0,0,1,0,1,1,0,0,0,1,0,0,1,0,1,0,0,1,1,0,1,0,0,0,0,0,0,0,1,0,0
223,3727,3671,8100,1656167700,"bitmasks, greedy; greedy; constructive algorithms, greedy, implementation, math; binary search, constructive algorithms, data structures, divide and conquer, greedy, shortest paths; combinatorics, math; brute force, constructive algorithms, dfs and similar, dsu, graphs, trees; brute force, data structures, geometry, math; brute force, combinatorics, dp, greedy, implementation, math, two pointers",1,1,1,1,0,1,0,1,0,1,1,1,0,0,1,0,0,1,0,1,0,0,1,1,0,1,0,0,0,1,1,0,0,1,0,0
224,3671,3678,7200,1657982100,"binary search, constructive algorithms, greedy, implementation; brute force, data structures, implementation, sortings; dfs and similar, dsu, graphs, greedy, sortings, trees; combinatorics, dfs and similar, dp, math, trees; binary search, data structures; bitmasks, constructive algorithms, dp, number theory",1,1,1,1,1,1,0,1,0,1,1,1,0,0,1,1,0,1,0,0,0,0,1,0,0,1,0,0,0,0,1,0,0,0,0,0
225,3678,3771,9000,1659276300,"constructive algorithms, greedy; brute force, greedy, implementation; greedy, implementation, sortings; constructive algorithms, hashing, implementation, math; brute force, constructive algorithms, dp, graphs, implementation, math; constructive algorithms, dp, games; constructive algorithms, fft, math, strings; combinatorics, constructive algorithms, dp, fft, math; combinatorics, fft, math",1,1,1,1,1,0,0,1,1,1,0,0,0,1,0,0,0,0,0,0,0,0,1,0,0,0,0,1,0,0,1,0,0,0,1,0
226,3771,3851,7200,1660660500,"dp, greedy; data structures, dp, greedy; greedy, implementation, math, number theory; data structures, greedy, math, number theory; data structures, graph matchings, greedy, math, trees; constructive algorithms, graphs, implementation, math; data structures, math, number theory",1,1,0,1,0,0,0,1,0,1,0,0,0,0,1,1,0,1,0,0,1,0,0,0,0,0,0,0,0,0,1,0,0,0,0,0
227,3851,3757,9000,1664548500,"greedy, implementation, sortings; constructive algorithms, greedy, math, sortings; dp, games, greedy, math; constructive algorithms, data structures, dfs and similar, dsu, graphs, trees; combinatorics, dp, math, two pointers; constructive algorithms, dsu, graphs, greedy, interactive, shortest paths, trees; constructive algorithms, dp, greedy, math; data structures, strings",1,1,1,1,1,1,1,1,0,1,1,0,0,0,1,0,0,1,0,1,0,0,0,1,0,0,0,1,0,0,1,0,0,0,1,0
228,3757,3834,9000,1665153300,"greedy, implementation, strings; binary search, implementation, math; constructive algorithms, games, implementation, math; brute force, dp, graphs, greedy, implementation, shortest paths; combinatorics, dp, math, probabilities; constructive algorithms, math, number theory; binary search, data structures",1,1,1,1,0,0,0,1,0,1,0,0,0,0,1,1,0,0,0,1,0,1,1,0,0,1,0,1,0,0,1,0,0,0,1,0
229,3834,3912,8100,1665844500,"constructive algorithms, greedy; constructive algorithms, greedy, two pointers; constructive algorithms, greedy, implementation, math; dfs and similar, dp, greedy, sortings, trees; binary search, constructive algorithms, interactive, ternary search; dp, interactive; data structures, hashing, probabilities; binary search, data structures, dp, flows, geometry, implementation, sortings",1,1,0,1,1,0,1,0,1,1,1,0,0,0,1,0,1,1,0,0,0,1,0,1,0,1,0,0,0,1,1,0,1,0,0,0
230,3912,3735,9000,1667745300,"constructive algorithms, implementation, math; brute force, greedy, implementation; constructive algorithms, implementation; combinatorics, math, number theory; binary search, data structures, divide and conquer, dp, greedy, strings; combinatorics, dp, math, strings; combinatorics, dp, math; constructive algorithms, data structures, dp",1,1,1,1,0,0,0,0,0,1,0,0,0,0,1,1,0,0,0,0,0,0,1,0,0,1,0,1,0,0,1,0,0,1,0,0
231,3735,3817,9000,1668954900,"brute force, constructive algorithms; constructive algorithms, greedy, implementation; constructive algorithms, dfs and similar, graphs, greedy; combinatorics, math; binary search, brute force, constructive algorithms, dsu, graphs, greedy, matrices, trees, two pointers; dp, math; combinatorics, dp, math; interactive, probabilities, trees",1,1,1,1,0,1,1,1,0,1,1,0,0,0,0,0,0,1,0,0,0,1,1,1,0,1,1,0,0,0,1,0,0,0,0,0
232,3817,3764,9000,1671287700,"constructive algorithms, math; constructive algorithms, greedy, math; constructive algorithms, dp, greedy; brute force, constructive algorithms, greedy, implementation, two pointers; dfs and similar, dp, greedy, trees; brute force, data structures, implementation; binary search, brute force, data structures, implementation; brute force, combinatorics, constructive algorithms, data structures, dp, trees; constructive algorithms",1,1,1,1,0,0,0,0,0,1,1,0,0,0,1,0,0,1,0,0,0,0,1,1,0,1,0,0,0,0,1,0,0,0,0,0
233,3764,3731,9000,1672410900,"brute force, greedy; constructive algorithms; brute force, chinese remainder theorem, math, number theory; constructive algorithms, data structures, dfs and similar, dsu, flows, games, graph matchings, graphs, implementation; combinatorics, dfs and similar, dp, dsu, math, probabilities, trees; bitmasks, combinatorics, dp, math, number theory; divide and conquer, fft, math; constructive algorithms",1,1,1,1,0,1,0,1,0,1,1,1,1,1,1,1,1,1,0,0,1,1,1,0,0,0,0,0,0,0,1,0,0,1,1,0
234,3731,3768,9000,1672756500,"constructive algorithms, greedy, strings; constructive algorithms, math; data structures, greedy; constructive algorithms, data structures, dp, dsu, greedy, sortings; constructive algorithms, graphs, greedy, interactive, sortings; bitmasks, constructive algorithms, dp, trees; constructive algorithms, graphs, shortest paths; brute force, meet-in-the-middle",1,1,0,1,1,1,1,1,0,1,0,1,0,0,1,0,0,1,1,1,0,0,1,0,0,0,0,1,0,0,0,0,0,0,0,0
235,3768,3803,10800,1675002900,"constructive algorithms, math; greedy, math, number theory; dp, greedy, math; combinatorics, dfs and similar, dsu, graphs, implementation; bitmasks, constructive algorithms, greedy, math; constructive algorithms, implementation, math; brute force, data structures, trees; binary search, data structures, dp, geometry; data structures, divide and conquer, two pointers",1,1,1,1,0,1,0,1,0,1,1,1,0,0,1,1,0,1,0,0,0,0,1,1,0,1,0,0,0,1,1,0,0,1,0,0
236,3803,3658,10800,1678354500,"bitmasks, constructive algorithms; data structures, greedy, sortings; binary search, data structures, dp, greedy, sortings; binary search, data structures, dp, graphs, greedy, shortest paths, sortings; data structures, divide and conquer, dsu, hashing, trees; dp, math, meet-in-the-middle, number theory; data structures, string suffix structures, strings",1,1,0,1,1,1,0,1,1,1,0,1,0,0,1,1,0,1,1,1,0,0,0,0,0,1,0,1,1,0,0,0,0,1,0,0
237,3658,3706,7200,1678631700,"greedy, math; greedy, implementation; brute force, greedy, math, number theory; brute force, dp, greedy, implementation; bitmasks, brute force, dfs and similar, dp, graphs; binary search, divide and conquer, graphs, shortest paths; data structures, dsu, implementation; bitmasks, dp",0,1,0,1,0,1,0,1,0,1,1,1,0,0,1,1,0,0,0,1,0,0,1,0,0,1,0,0,0,0,1,0,0,1,0,0
238,3706,3486,7200,1680273300,"brute force, greedy; constructive algorithms, math, number theory; brute force, greedy, sortings; binary search, math; brute force, data structures, dfs and similar, dsu, graphs, greedy; data structures, math, sortings, trees; dp; combinatorics, math",1,1,1,1,1,1,0,1,0,1,1,0,0,0,1,1,0,1,0,0,0,0,1,0,0,1,0,0,0,0,0,0,0,0,0,0
239,3486,3635,8100,1681051500,"greedy, math; brute force, constructive algorithms, graphs, implementation, interactive, shortest paths, trees; constructive algorithms, dfs and similar, graphs, greedy; bitmasks, combinatorics, dp, math; dp, math, number theory, strings; constructive algorithms, graphs, math",1,1,1,1,0,0,1,1,0,1,1,1,0,0,0,1,0,1,0,1,0,0,1,0,0,0,0,1,0,0,1,0,0,0,0,0
240,3635,3588,7200,1681549500,"brute force, greedy; geometry, greedy, implementation, sortings, two pointers; constructive algorithms, dp, implementation, math, trees; brute force, data structures, dp, two pointers; interactive, math, probabilities, trees; data structures, dp",1,1,0,1,1,0,1,0,0,1,0,0,0,0,1,0,0,1,0,0,0,1,1,1,0,0,0,0,0,1,1,0,0,0,0,0
241,3588,3662,8100,1682778900,"binary search, data structures, greedy; brute force, constructive algorithms, dfs and similar, graphs; combinatorics, math; constructive algorithms, games, implementation; brute force, divide and conquer, greedy; string suffix structures, strings",1,0,1,1,0,0,0,1,0,1,1,0,0,0,1,0,0,0,0,0,0,0,1,0,0,1,0,1,1,0,1,0,0,1,1,0
242,3662,3622,7200,1684074900,"combinatorics, math, sortings, two pointers; binary search, dp, dsu, greedy, trees, two pointers; binary search, data structures, dp, greedy; binary search, brute force, data structures, dp, hashing, strings; data structures, dfs and similar, greedy, trees; binary search, constructive algorithms, dfs and similar, greedy, trees; constructive algorithms, data structures, greedy",1,1,1,1,1,1,0,0,1,1,1,0,0,0,1,0,0,1,0,0,0,0,1,1,0,1,0,1,0,0,0,0,0,0,0,0
243,3622,3611,9000,1685284500,"dfs and similar, dp, graphs, trees; brute force, math; combinatorics, greedy, hashing, math, number theory, sortings; brute force, dp, trees; data structures, math; data structures, dp",0,1,1,1,1,0,0,1,1,1,1,0,0,0,1,1,0,1,0,0,0,0,1,0,0,0,0,0,0,0,0,0,0,0,0,0
244,3611,3664,7200,1687098900,"brute force, implementation, math; binary search, brute force, greedy, math, two pointers; bitmasks, brute force, constructive algorithms, math, probabilities; dfs and similar, graphs, math, number theory; combinatorics, dp, probabilities; bitmasks, dfs and similar, graph matchings, graphs, implementation",1,1,1,1,0,0,0,1,0,1,1,1,0,0,0,1,0,0,0,0,1,1,1,1,0,1,0,0,0,0,1,0,0,0,0,0
245,3664,3755,10800,1687615500,"games, math; bitmasks, greedy, math; dp; constructive algorithms, graphs, greedy; data structures, dp, geometry, greedy, math; dfs and similar, greedy, shortest paths, sortings, trees; combinatorics, dp, math, probabilities; bitmasks, dp, graphs, math, probabilities; divide and conquer, dp, greedy",1,1,1,1,1,0,0,1,0,1,1,1,0,0,1,0,0,1,0,1,0,1,0,0,0,0,0,0,0,1,0,0,0,1,1,0
246,3755,3767,10800,1689086100,"constructive algorithms, games; constructive algorithms, math; dp, greedy, implementation, math; constructive algorithms, greedy, math, number theory, strings; 2-sat, constructive algorithms, dfs and similar, dsu, graphs; brute force, constructive algorithms, greedy, math; binary search, constructive algorithms, data structures, greedy, math, sortings; bitmasks, constructive algorithms, data structures, dfs and similar, implementation, math, matrices, number theory, trees; combinatorics, data structures, dp, dsu, math",1,1,1,1,1,1,0,1,0,1,1,1,0,0,1,1,0,1,0,0,0,0,1,0,0,1,1,1,0,0,1,0,0,0,1,1
247,3767,3726,9000,1690122900,"binary search, math, number theory; constructive algorithms, graphs, greedy, math, sortings, two pointers; data structures, dp, greedy, math; constructive algorithms, dp, greedy; constructive algorithms, data structures, greedy; data structures, dp, flows",1,1,0,1,1,0,0,1,0,1,0,0,0,0,1,1,1,0,0,0,0,0,0,1,0,1,0,0,0,0,0,0,0,0,0,0
248,3726,3727,9000,1690641300,"constructive algorithms, math; constructive algorithms, math; bitmasks, brute force, dp; combinatorics, dp, math, probabilities; binary search, interactive, trees; brute force, constructive algorithms, dp, greedy, math; brute force, dp",1,1,1,1,0,0,1,0,0,1,0,1,0,0,0,0,0,1,0,0,0,1,1,0,0,1,0,0,0,0,0,0,0,0,0,0
249,3727,3817,10800,1693406100,"greedy, implementation; greedy, math, sortings; implementation, math; constructive algorithms, greedy; brute force, dfs and similar, dp, graphs, greedy, math, sortings, two pointers; bitmasks, dp, math; combinatorics, dp, graphs, math; dp, trees; constructive algorithms, dp, trees",1,1,1,1,1,0,0,1,0,1,1,1,0,0,0,0,0,1,0,0,0,0,1,1,0,0,0,0,0,0,1,0,0,0,0,0
250,3817,3751,8100,1695047700,"constructive algorithms, greedy, math; bitmasks, greedy, math; binary search, data structures, dp, implementation, math, two pointers; greedy, implementation, sortings; bitmasks, brute force, dp, shortest paths; binary search, math; data structures; data structures, graphs, greedy, trees",1,1,0,1,1,0,0,1,0,1,0,1,0,0,1,0,0,1,0,1,0,0,1,1,0,1,0,0,0,0,1,0,0,0,0,0
251,3751,3775,10800,1696084500,"brute force, games, greedy, implementation; bitmasks, brute force, dfs and similar, dp, graphs, shortest paths; dp, graphs, greedy, math, probabilities; divide and conquer, dp, math, probabilities; dp, math; dp; dp",0,1,0,1,0,0,0,1,0,1,1,1,0,0,0,0,0,0,0,1,0,1,1,0,0,0,0,0,0,0,1,0,0,1,1,0
252,3775,3557,9000,1698503700,"constructive algorithms, greedy, implementation; constructive algorithms, greedy, math, sortings; brute force, data structures, dp, greedy, sortings; data structures, dp; brute force, dfs and similar, graphs, implementation, trees; dfs and similar, graphs, trees; data structures, dp, greedy, trees",1,1,0,1,1,0,0,1,0,1,1,0,0,0,1,0,0,1,0,0,0,0,1,0,0,0,0,0,0,0,1,0,0,0,0,0
253,3557,3585,7200,1699367700,"brute force, dfs and similar, graphs, implementation; constructive algorithms, greedy, sortings, two pointers; brute force, greedy, implementation; constructive algorithms, data structures, greedy; combinatorics, dfs and similar, dp, graphs",1,1,1,0,1,0,0,1,0,1,1,0,0,0,1,0,0,0,0,0,0,0,1,1,0,0,0,0,0,0,1,0,0,0,0,0
